post_id,set_a_source,set_b_source
t3_41d923,base_llm,cluster_diff
t3_vjw3nn,base_llm,cluster_diff
t3_141ievg,base_llm,cluster_diff
t3_bioxz4,base_llm,cluster_diff
t3_3nslg5,base_llm,cluster_diff
t3_3u8nlq,base_llm,cluster_diff
t3_t9jrxv,base_llm,cluster_diff
t3_ary3eu,base_llm,cluster_diff
t3_8z5pj6,base_llm,cluster_diff
t3_5fsskd,base_llm,cluster_diff
t3_aaxf9x,base_llm,cluster_diff
t3_7d83st,base_llm,cluster_diff
t3_f0ybad,base_llm,cluster_diff
t3_3tefgt,base_llm,cluster_diff
t3_ssafv2,base_llm,cluster_diff
t3_93s0r0,base_llm,cluster_diff
t3_cm32iy,base_llm,cluster_diff
t3_9i608w,base_llm,cluster_diff
t3_oodfgk,base_llm,cluster_diff
t3_60v2gf,base_llm,cluster_diff
t3_bj65gp,base_llm,cluster_diff
t3_8flmg1,base_llm,cluster_diff
t3_2108o3,base_llm,cluster_diff
t3_7611g9,base_llm,cluster_diff
t3_cu3rrn,base_llm,cluster_diff
t3_4q49oq,base_llm,cluster_diff
t3_4xeyhj,base_llm,cluster_diff
t3_bl9jte,base_llm,cluster_diff
t3_apfq4j,base_llm,cluster_diff
t3_aez2fj,base_llm,cluster_diff
t3_94uiiv,base_llm,cluster_diff
t3_wfn1d0,base_llm,cluster_diff
t3_uworta,base_llm,cluster_diff
t3_e99ns3,base_llm,cluster_diff
t3_2xi4wd,base_llm,cluster_diff
t3_vqu51p,base_llm,cluster_diff
t3_rjv1qj,base_llm,cluster_diff
t3_6eh4di,base_llm,cluster_diff
t3_5re6nr,base_llm,cluster_diff
t3_8mfhck,base_llm,cluster_diff
t3_71x5cd,base_llm,cluster_diff
t3_3f8yj7,base_llm,cluster_diff
t3_yp8em5,base_llm,cluster_diff
t3_4akput,base_llm,cluster_diff
t3_swn48v,base_llm,cluster_diff
t3_13fn70d,base_llm,cluster_diff
t3_73pg18,base_llm,cluster_diff
t3_5h1yvp,base_llm,cluster_diff
t3_114hqck,base_llm,cluster_diff
t3_16095rl,base_llm,cluster_diff
t3_b3vr37,base_llm,cluster_diff
t3_9674qq,base_llm,cluster_diff
t3_7vzr5o,base_llm,cluster_diff
t3_5t708c,base_llm,cluster_diff
t3_stkq6y,base_llm,cluster_diff
t3_td2w6r,base_llm,cluster_diff
t3_2rcsdh,base_llm,cluster_diff
t3_14pjp35,base_llm,cluster_diff
t3_a7p5d8,base_llm,cluster_diff
t3_3hcfg2,base_llm,cluster_diff
t3_f8esbo,base_llm,cluster_diff
t3_84pmgv,base_llm,cluster_diff
t3_83h8p9,base_llm,cluster_diff
t3_2c1nwe,base_llm,cluster_diff
t3_11lwaid,base_llm,cluster_diff
t3_av1s75,base_llm,cluster_diff
t3_15envgz,base_llm,cluster_diff
t3_1f0qqq,base_llm,cluster_diff
t3_b8kgkt,base_llm,cluster_diff
t3_3ddcu5,base_llm,cluster_diff
t3_93u7xz,base_llm,cluster_diff
t3_zqj0ir,base_llm,cluster_diff
t3_brwxrw,base_llm,cluster_diff
t3_174i595,base_llm,cluster_diff
t3_8g5ukh,base_llm,cluster_diff
t3_122ykp1,base_llm,cluster_diff
t3_2wtckq,base_llm,cluster_diff
t3_aqindn,base_llm,cluster_diff
t3_pyod3b,base_llm,cluster_diff
t3_bok09k,base_llm,cluster_diff
t3_5lm5o6,base_llm,cluster_diff
t3_12n97s1,base_llm,cluster_diff
t3_218cj0,base_llm,cluster_diff
t3_9d4kli,base_llm,cluster_diff
t3_27jl8c,base_llm,cluster_diff
t3_yfbj9p,base_llm,cluster_diff
t3_tdi14a,base_llm,cluster_diff
t3_1rgch2,base_llm,cluster_diff
t3_3tlj3b,base_llm,cluster_diff
t3_q7jlfz,base_llm,cluster_diff
t3_6zpoac,base_llm,cluster_diff
t3_13t3l56,base_llm,cluster_diff
t3_dvx3tq,base_llm,cluster_diff
t3_14n1g5m,base_llm,cluster_diff
t3_odeppz,base_llm,cluster_diff
t3_6mri58,base_llm,cluster_diff
t3_x2w7t5,base_llm,cluster_diff
t3_8p4y2f,base_llm,cluster_diff
t3_fh6a0t,base_llm,cluster_diff
t3_py3q56,base_llm,cluster_diff
t3_ui75db,base_llm,cluster_diff
t3_9gs5k1,base_llm,cluster_diff
t3_auzlvw,base_llm,cluster_diff
t3_qdohnb,base_llm,cluster_diff
t3_979pbl,base_llm,cluster_diff
t3_bnyvh7,base_llm,cluster_diff
t3_1ok44s,base_llm,cluster_diff
t3_c2mdua,base_llm,cluster_diff
t3_dfuld3,base_llm,cluster_diff
t3_9rhdh5,base_llm,cluster_diff
t3_5e44xi,base_llm,cluster_diff
t3_8jtgbc,base_llm,cluster_diff
t3_5rv5y8,base_llm,cluster_diff
t3_3roewy,base_llm,cluster_diff
t3_90ogu2,base_llm,cluster_diff
t3_elmm4r,base_llm,cluster_diff
t3_f1nlzq,base_llm,cluster_diff
t3_2auttr,base_llm,cluster_diff
t3_12zi6s7,base_llm,cluster_diff
t3_dqsqfj,base_llm,cluster_diff
t3_dmjz2u,base_llm,cluster_diff
t3_68fihe,base_llm,cluster_diff
t3_q56p6c,base_llm,cluster_diff
t3_dty8j5,base_llm,cluster_diff
t3_9gce2t,base_llm,cluster_diff
t3_87lj0c,base_llm,cluster_diff
t3_3tztsy,base_llm,cluster_diff
t3_9syrun,base_llm,cluster_diff
t3_vst61o,base_llm,cluster_diff
t3_qbf3g4,base_llm,cluster_diff
t3_117pwk2,base_llm,cluster_diff
t3_2ylpc2,base_llm,cluster_diff
t3_7as4qr,base_llm,cluster_diff
t3_6p1fer,base_llm,cluster_diff
t3_9aqo3p,base_llm,cluster_diff
t3_5p49m0,base_llm,cluster_diff
t3_61sqcy,base_llm,cluster_diff
t3_7xuli8,base_llm,cluster_diff
t3_t7nwou,base_llm,cluster_diff
t3_947s8g,base_llm,cluster_diff
t3_dwoj0q,base_llm,cluster_diff
t3_wva6pk,base_llm,cluster_diff
t3_9s71jh,base_llm,cluster_diff
t3_v0yf4e,base_llm,cluster_diff
t3_4axagq,base_llm,cluster_diff
t3_77x5g1,base_llm,cluster_diff
t3_9b7f51,base_llm,cluster_diff
t3_3iwtgx,base_llm,cluster_diff
t3_5ytyac,base_llm,cluster_diff
t3_149tenn,base_llm,cluster_diff
t3_73wxyx,base_llm,cluster_diff
t3_qq2793,base_llm,cluster_diff
t3_5qu9w7,base_llm,cluster_diff
t3_4ohl15,base_llm,cluster_diff
t3_bo0rgv,base_llm,cluster_diff
t3_s6s9fl,base_llm,cluster_diff
t3_44tikn,base_llm,cluster_diff
t3_vnxg1d,base_llm,cluster_diff
t3_178tnlv,base_llm,cluster_diff
t3_c7by5t,base_llm,cluster_diff
t3_5pax68,base_llm,cluster_diff
t3_86col2,base_llm,cluster_diff
t3_7odthx,base_llm,cluster_diff
t3_a6p4n2,base_llm,cluster_diff
t3_ormmyj,base_llm,cluster_diff
t3_b3qi0r,base_llm,cluster_diff
t3_8biowe,base_llm,cluster_diff
t3_eu52vh,base_llm,cluster_diff
t3_86fstd,base_llm,cluster_diff
t3_woihsd,base_llm,cluster_diff
t3_8wwd87,base_llm,cluster_diff
t3_rs61lu,base_llm,cluster_diff
t3_12ttjz5,base_llm,cluster_diff
t3_b0s9cd,base_llm,cluster_diff
t3_fetj1o,base_llm,cluster_diff
t3_9njm5n,base_llm,cluster_diff
t3_57mq8n,base_llm,cluster_diff
t3_5cwht5,base_llm,cluster_diff
t3_16z6nqg,base_llm,cluster_diff
t3_tbtpdz,base_llm,cluster_diff
t3_10h3g9i,base_llm,cluster_diff
t3_bbd3bo,base_llm,cluster_diff
t3_wxo088,base_llm,cluster_diff
t3_qwdyy1,base_llm,cluster_diff
t3_287z9c,base_llm,cluster_diff
t3_wq2d2h,base_llm,cluster_diff
t3_7o42do,base_llm,cluster_diff
t3_dxlnqq,base_llm,cluster_diff
t3_16n1skp,base_llm,cluster_diff
t3_e27faz,base_llm,cluster_diff
t3_6cmpum,base_llm,cluster_diff
t3_7zv090,base_llm,cluster_diff
t3_1suyq6,base_llm,cluster_diff
t3_p4x64m,base_llm,cluster_diff
t3_s8vlm9,base_llm,cluster_diff
t3_8wykh1,base_llm,cluster_diff
t3_5w0p2y,base_llm,cluster_diff
t3_4h6z5v,base_llm,cluster_diff
t3_9f04vg,base_llm,cluster_diff
t3_pjl7fb,base_llm,cluster_diff
t3_7kmrk1,base_llm,cluster_diff
t3_799jda,base_llm,cluster_diff
t3_10q195o,base_llm,cluster_diff
t3_7nnzhe,base_llm,cluster_diff
t3_34r42c,base_llm,cluster_diff
t3_28pa7i,base_llm,cluster_diff
t3_padj2r,base_llm,cluster_diff
t3_854hyd,base_llm,cluster_diff
t3_a0j9w6,base_llm,cluster_diff
t3_p2kr1z,base_llm,cluster_diff
t3_df5gat,base_llm,cluster_diff
t3_uhnghx,base_llm,cluster_diff
t3_cefdew,base_llm,cluster_diff
t3_164v1uq,base_llm,cluster_diff
t3_9mi1ie,base_llm,cluster_diff
t3_awsl15,base_llm,cluster_diff
t3_a7xuwr,base_llm,cluster_diff
t3_5hrojt,base_llm,cluster_diff
t3_12622yz,base_llm,cluster_diff
t3_t0fzmh,base_llm,cluster_diff
t3_6fvkmf,base_llm,cluster_diff
t3_93vyaz,base_llm,cluster_diff
t3_ynz1l4,base_llm,cluster_diff
t3_cguqes,base_llm,cluster_diff
t3_cc2mjq,base_llm,cluster_diff
t3_8q84n6,base_llm,cluster_diff
t3_10nivk6,base_llm,cluster_diff
t3_vlq53q,base_llm,cluster_diff
t3_6vdhtc,base_llm,cluster_diff
t3_c68bq3,base_llm,cluster_diff
t3_8zkdpc,base_llm,cluster_diff
t3_16ftgx7,base_llm,cluster_diff
t3_1y40hc,base_llm,cluster_diff
t3_ovnnye,base_llm,cluster_diff
t3_665gz3,base_llm,cluster_diff
t3_bjlv6r,base_llm,cluster_diff
t3_6h756i,base_llm,cluster_diff
t3_bseosf,base_llm,cluster_diff
t3_2zhhcc,base_llm,cluster_diff
t3_6m7xtl,base_llm,cluster_diff
t3_ebkb28,base_llm,cluster_diff
t3_oxx5eb,base_llm,cluster_diff
t3_4vi2kt,base_llm,cluster_diff
t3_boc0dl,base_llm,cluster_diff
t3_149vqks,base_llm,cluster_diff
t3_skiy6z,base_llm,cluster_diff
t3_8yt0h1,base_llm,cluster_diff
t3_acw4be,base_llm,cluster_diff
t3_61njsn,base_llm,cluster_diff
t3_e8iip6,base_llm,cluster_diff
t3_yq1zgv,base_llm,cluster_diff
t3_phws9d,base_llm,cluster_diff
t3_s2w2ny,base_llm,cluster_diff
t3_2n8psp,base_llm,cluster_diff
t3_4g3nbn,base_llm,cluster_diff
t3_dhkidw,base_llm,cluster_diff
t3_216l8g,base_llm,cluster_diff
t3_pw6k5o,base_llm,cluster_diff
t3_13rq3p0,base_llm,cluster_diff
t3_g1xcgb,base_llm,cluster_diff
t3_daaskw,base_llm,cluster_diff
t3_5p8hrv,base_llm,cluster_diff
t3_d58liu,base_llm,cluster_diff
t3_7rlt47,base_llm,cluster_diff
t3_xrt1rl,base_llm,cluster_diff
t3_c7qqvn,base_llm,cluster_diff
t3_p2uujh,base_llm,cluster_diff
t3_3a7ys8,base_llm,cluster_diff
t3_bl3o06,base_llm,cluster_diff
t3_85tv7f,base_llm,cluster_diff
t3_10bdk2y,base_llm,cluster_diff
t3_11dduj8,base_llm,cluster_diff
t3_14jfe38,base_llm,cluster_diff
t3_pyqdy6,base_llm,cluster_diff
t3_tfwroa,base_llm,cluster_diff
t3_88cpne,base_llm,cluster_diff
t3_poulih,base_llm,cluster_diff
t3_csm8i1,base_llm,cluster_diff
t3_p7wyfb,base_llm,cluster_diff
t3_ovw3fi,base_llm,cluster_diff
t3_tgpfm2,base_llm,cluster_diff
t3_9o7ap6,base_llm,cluster_diff
t3_qu5let,base_llm,cluster_diff
t3_2100em,base_llm,cluster_diff
t3_865f7r,base_llm,cluster_diff
t3_8tdrc2,base_llm,cluster_diff
t3_u6dzsu,base_llm,cluster_diff
t3_pddibd,base_llm,cluster_diff
t3_29thke,base_llm,cluster_diff
t3_phce5n,base_llm,cluster_diff
t3_11mdm0o,base_llm,cluster_diff
t3_ucrd3h,base_llm,cluster_diff
t3_ofu9hy,base_llm,cluster_diff
t3_53j8hn,base_llm,cluster_diff
t3_3oopr4,base_llm,cluster_diff
t3_2hwo69,base_llm,cluster_diff
t3_5dv1q4,base_llm,cluster_diff
t3_40fu3e,base_llm,cluster_diff
t3_edncqy,base_llm,cluster_diff
t3_445h8g,base_llm,cluster_diff
t3_3t2oyk,base_llm,cluster_diff
t3_ugsunn,base_llm,cluster_diff
t3_cm1ex1,base_llm,cluster_diff
t3_2lpmos,base_llm,cluster_diff
t3_dd64a2,base_llm,cluster_diff
t3_4z5jip,base_llm,cluster_diff
t3_w4c5yd,base_llm,cluster_diff
t3_ukuz8h,base_llm,cluster_diff
t3_ar7jvy,base_llm,cluster_diff
t3_6lqd8w,base_llm,cluster_diff
t3_3p2bm4,base_llm,cluster_diff
t3_ea9f4n,base_llm,cluster_diff
t3_8gmxsf,base_llm,cluster_diff
t3_3aw1uk,base_llm,cluster_diff
t3_qtvhnx,base_llm,cluster_diff
t3_a69qdf,base_llm,cluster_diff
t3_g0k757,base_llm,cluster_diff
t3_pbxql9,base_llm,cluster_diff
t3_zk2gfr,base_llm,cluster_diff
t3_13hmuzf,base_llm,cluster_diff
t3_bd70gh,base_llm,cluster_diff
t3_r661bv,base_llm,cluster_diff
t3_88ma15,base_llm,cluster_diff
t3_aewypm,base_llm,cluster_diff
t3_qwig45,base_llm,cluster_diff
t3_r1nn14,base_llm,cluster_diff
t3_bdtjom,base_llm,cluster_diff
t3_ba7ah1,base_llm,cluster_diff
t3_vqjjxg,base_llm,cluster_diff
t3_cdowje,base_llm,cluster_diff
t3_c06yeg,base_llm,cluster_diff
t3_110sur7,base_llm,cluster_diff
t3_5gmip9,base_llm,cluster_diff
t3_pdn093,base_llm,cluster_diff
t3_g2rxvs,base_llm,cluster_diff
t3_bhacy9,base_llm,cluster_diff
t3_94vaxr,base_llm,cluster_diff
t3_s8y1y3,base_llm,cluster_diff
t3_rbtpyy,base_llm,cluster_diff
t3_77hmpj,base_llm,cluster_diff
t3_6p0tt0,base_llm,cluster_diff
t3_z5imyg,base_llm,cluster_diff
t3_eo2a4p,base_llm,cluster_diff
t3_a09rq2,base_llm,cluster_diff
t3_q2taih,base_llm,cluster_diff
t3_g1y8t9,base_llm,cluster_diff
t3_8det7m,base_llm,cluster_diff
t3_a6nbtn,base_llm,cluster_diff
t3_6d2s8x,base_llm,cluster_diff
t3_xaj11z,base_llm,cluster_diff
t3_8yljqx,base_llm,cluster_diff
t3_a1v64r,base_llm,cluster_diff
t3_12inw40,base_llm,cluster_diff
t3_vq2spg,base_llm,cluster_diff
t3_pti2k6,base_llm,cluster_diff
t3_2n63qs,base_llm,cluster_diff
t3_15byidd,base_llm,cluster_diff
t3_898rs8,base_llm,cluster_diff
t3_8n9e0u,base_llm,cluster_diff
t3_rmh6ia,base_llm,cluster_diff
t3_rulmib,base_llm,cluster_diff
t3_ofoq2j,base_llm,cluster_diff
t3_rc3oi6,base_llm,cluster_diff
t3_bmlxcb,base_llm,cluster_diff
t3_7ygcwc,base_llm,cluster_diff
t3_e4ih37,base_llm,cluster_diff
t3_3d70nm,base_llm,cluster_diff
t3_cxgx6j,base_llm,cluster_diff
t3_vvwh0d,base_llm,cluster_diff
t3_12jw1jr,base_llm,cluster_diff
t3_z9z10b,base_llm,cluster_diff
t3_6wxkk8,base_llm,cluster_diff
t3_16zmklx,base_llm,cluster_diff
t3_82g51s,base_llm,cluster_diff
t3_1kwewh,base_llm,cluster_diff
t3_14johq4,base_llm,cluster_diff
t3_1n3wo2,base_llm,cluster_diff
t3_82atr2,base_llm,cluster_diff
t3_oboo2p,base_llm,cluster_diff
t3_zbs234,base_llm,cluster_diff
t3_5nkl7t,base_llm,cluster_diff
t3_5ik5kv,base_llm,cluster_diff
t3_9xew1w,base_llm,cluster_diff
t3_3bgfs1,base_llm,cluster_diff
t3_tcbmiq,base_llm,cluster_diff
t3_cfgbx3,base_llm,cluster_diff
t3_g0ofyl,base_llm,cluster_diff
t3_80n5nc,base_llm,cluster_diff
t3_c19k2g,base_llm,cluster_diff
t3_wivvce,base_llm,cluster_diff
t3_prchhd,base_llm,cluster_diff
t3_xwst38,base_llm,cluster_diff
t3_16x5lyt,base_llm,cluster_diff
t3_6fmzlf,base_llm,cluster_diff
t3_7f4ei3,base_llm,cluster_diff
t3_166f071,base_llm,cluster_diff
t3_1k9jlv,base_llm,cluster_diff
t3_7i327z,base_llm,cluster_diff
t3_5lxkee,base_llm,cluster_diff
t3_7alb2u,base_llm,cluster_diff
t3_3sc6g0,base_llm,cluster_diff
t3_11or6cr,base_llm,cluster_diff
t3_d1ucjn,base_llm,cluster_diff
t3_f6cirn,base_llm,cluster_diff
t3_13qsb8t,base_llm,cluster_diff
t3_a3eyki,base_llm,cluster_diff
t3_5vbu39,base_llm,cluster_diff
t3_8kromq,base_llm,cluster_diff
t3_suot8p,base_llm,cluster_diff
t3_fidnx4,base_llm,cluster_diff
t3_6sn34h,base_llm,cluster_diff
t3_12ba0ta,base_llm,cluster_diff
t3_8gklff,base_llm,cluster_diff
t3_yzgqsi,base_llm,cluster_diff
t3_rkd8d7,base_llm,cluster_diff
t3_11nlugy,base_llm,cluster_diff
t3_31kfkt,base_llm,cluster_diff
t3_cvnjub,base_llm,cluster_diff
t3_5zrwie,base_llm,cluster_diff
t3_5x0352,base_llm,cluster_diff
t3_5iq4c5,base_llm,cluster_diff
t3_37jfl3,base_llm,cluster_diff
t3_6kov77,base_llm,cluster_diff
t3_2i53gm,cluster_diff,base_llm
t3_ad6pcy,cluster_diff,base_llm
t3_g0kd1i,cluster_diff,base_llm
t3_10yq2bs,cluster_diff,base_llm
t3_1v5dnm,cluster_diff,base_llm
t3_722juq,cluster_diff,base_llm
t3_1h0dvp,cluster_diff,base_llm
t3_81y37n,cluster_diff,base_llm
t3_4tv5cn,cluster_diff,base_llm
t3_6jq8w8,cluster_diff,base_llm
t3_cmgwgb,cluster_diff,base_llm
t3_b882gz,cluster_diff,base_llm
t3_15t69kh,cluster_diff,base_llm
t3_e2ghau,cluster_diff,base_llm
t3_pm8hce,cluster_diff,base_llm
t3_7vq009,cluster_diff,base_llm
t3_3ueyll,cluster_diff,base_llm
t3_xuu099,cluster_diff,base_llm
t3_79a1v4,cluster_diff,base_llm
t3_6h06ta,cluster_diff,base_llm
t3_1479vlh,cluster_diff,base_llm
t3_22coyc,cluster_diff,base_llm
t3_voc637,cluster_diff,base_llm
t3_44rye3,cluster_diff,base_llm
t3_b8rjpl,cluster_diff,base_llm
t3_4gxek2,cluster_diff,base_llm
t3_xt0lod,cluster_diff,base_llm
t3_2eeedl,cluster_diff,base_llm
t3_asptka,cluster_diff,base_llm
t3_bj29bg,cluster_diff,base_llm
t3_4kx0cs,cluster_diff,base_llm
t3_2j28la,cluster_diff,base_llm
t3_fy1quy,cluster_diff,base_llm
t3_dhb56s,cluster_diff,base_llm
t3_dki6bs,cluster_diff,base_llm
t3_827d3i,cluster_diff,base_llm
t3_131e4nd,cluster_diff,base_llm
t3_8xzfto,cluster_diff,base_llm
t3_vvktp9,cluster_diff,base_llm
t3_8pq5vo,cluster_diff,base_llm
t3_dyi2g1,cluster_diff,base_llm
t3_v221uk,cluster_diff,base_llm
t3_6218h5,cluster_diff,base_llm
t3_4ayq4b,cluster_diff,base_llm
t3_9rzmej,cluster_diff,base_llm
t3_8y47y0,cluster_diff,base_llm
t3_6xgoia,cluster_diff,base_llm
t3_7o8ega,cluster_diff,base_llm
t3_5c9vp9,cluster_diff,base_llm
t3_7lbygl,cluster_diff,base_llm
t3_5iafpt,cluster_diff,base_llm
t3_aiayaz,cluster_diff,base_llm
t3_2dzrhq,cluster_diff,base_llm
t3_cmwktx,cluster_diff,base_llm
t3_176cb77,cluster_diff,base_llm
t3_8c98nm,cluster_diff,base_llm
t3_y5jbd3,cluster_diff,base_llm
t3_68w25m,cluster_diff,base_llm
t3_16at7l5,cluster_diff,base_llm
t3_dibn24,cluster_diff,base_llm
t3_espbs5,cluster_diff,base_llm
t3_17dkkpk,cluster_diff,base_llm
t3_16bx1mu,cluster_diff,base_llm
t3_dqu3dv,cluster_diff,base_llm
t3_251sp2,cluster_diff,base_llm
t3_dccagr,cluster_diff,base_llm
t3_ddd6az,cluster_diff,base_llm
t3_y1i7ki,cluster_diff,base_llm
t3_t6hypn,cluster_diff,base_llm
t3_8aw0hc,cluster_diff,base_llm
t3_8h49d1,cluster_diff,base_llm
t3_pvcf5i,cluster_diff,base_llm
t3_dz0jzd,cluster_diff,base_llm
t3_5w5ljw,cluster_diff,base_llm
t3_uf9cyg,cluster_diff,base_llm
t3_101ajjy,cluster_diff,base_llm
t3_9wtczx,cluster_diff,base_llm
t3_6ua6is,cluster_diff,base_llm
t3_1i0zds,cluster_diff,base_llm
t3_152gos3,cluster_diff,base_llm
t3_9j2uty,cluster_diff,base_llm
t3_85pkgk,cluster_diff,base_llm
t3_1h9hye,cluster_diff,base_llm
t3_arkh65,cluster_diff,base_llm
t3_60oa85,cluster_diff,base_llm
t3_9ctpje,cluster_diff,base_llm
t3_7r0yqq,cluster_diff,base_llm
t3_6z536v,cluster_diff,base_llm
t3_atum6c,cluster_diff,base_llm
t3_94cvd5,cluster_diff,base_llm
t3_16s6bid,cluster_diff,base_llm
t3_6rxdjs,cluster_diff,base_llm
t3_7mxhsy,cluster_diff,base_llm
t3_a35279,cluster_diff,base_llm
t3_4fz0f6,cluster_diff,base_llm
t3_2av5cs,cluster_diff,base_llm
t3_3ri5n8,cluster_diff,base_llm
t3_7oml7s,cluster_diff,base_llm
t3_asbkac,cluster_diff,base_llm
t3_v0atk9,cluster_diff,base_llm
t3_1hhk6u,cluster_diff,base_llm
t3_8yabtj,cluster_diff,base_llm
t3_qjs2oj,cluster_diff,base_llm
t3_w1qxyr,cluster_diff,base_llm
t3_c2c9cd,cluster_diff,base_llm
t3_8ov4qi,cluster_diff,base_llm
t3_oit6cl,cluster_diff,base_llm
t3_pwpl1s,cluster_diff,base_llm
t3_pz0w6x,cluster_diff,base_llm
t3_ewvwy9,cluster_diff,base_llm
t3_97x456,cluster_diff,base_llm
t3_uwvka6,cluster_diff,base_llm
t3_qgyjwf,cluster_diff,base_llm
t3_4zp59j,cluster_diff,base_llm
t3_68cwpc,cluster_diff,base_llm
t3_1rcrz0,cluster_diff,base_llm
t3_w5atwi,cluster_diff,base_llm
t3_roc5ps,cluster_diff,base_llm
t3_5cx6ah,cluster_diff,base_llm
t3_81qsax,cluster_diff,base_llm
t3_a0l0va,cluster_diff,base_llm
t3_pcawwd,cluster_diff,base_llm
t3_80r3zv,cluster_diff,base_llm
t3_ens6re,cluster_diff,base_llm
t3_pjy8tg,cluster_diff,base_llm
t3_vf7bmy,cluster_diff,base_llm
t3_15fadw3,cluster_diff,base_llm
t3_8ybick,cluster_diff,base_llm
t3_88rzfv,cluster_diff,base_llm
t3_qu5kh2,cluster_diff,base_llm
t3_bskei1,cluster_diff,base_llm
t3_w3rg0t,cluster_diff,base_llm
t3_fgg2es,cluster_diff,base_llm
t3_54wmxy,cluster_diff,base_llm
t3_45x5ra,cluster_diff,base_llm
t3_su5asg,cluster_diff,base_llm
t3_14odhx9,cluster_diff,base_llm
t3_alb6ya,cluster_diff,base_llm
t3_a4zf92,cluster_diff,base_llm
t3_plab91,cluster_diff,base_llm
t3_pn206x,cluster_diff,base_llm
t3_bnbycr,cluster_diff,base_llm
t3_qfma4w,cluster_diff,base_llm
t3_92ummu,cluster_diff,base_llm
t3_13i0ucc,cluster_diff,base_llm
t3_9fc1w4,cluster_diff,base_llm
t3_8i4hpt,cluster_diff,base_llm
t3_12qklkn,cluster_diff,base_llm
t3_16u7f78,cluster_diff,base_llm
t3_7t9ou8,cluster_diff,base_llm
t3_11kcd8x,cluster_diff,base_llm
t3_fkqbnb,cluster_diff,base_llm
t3_2gtsgt,cluster_diff,base_llm
t3_fy08nt,cluster_diff,base_llm
t3_68j2wr,cluster_diff,base_llm
t3_5xbvqw,cluster_diff,base_llm
t3_24c1q3,cluster_diff,base_llm
t3_8laguu,cluster_diff,base_llm
t3_xlwcdf,cluster_diff,base_llm
t3_2a7f52,cluster_diff,base_llm
t3_8607th,cluster_diff,base_llm
t3_s91jks,cluster_diff,base_llm
t3_rz0imd,cluster_diff,base_llm
t3_3rd4r3,cluster_diff,base_llm
t3_5t9b6e,cluster_diff,base_llm
t3_22a3qs,cluster_diff,base_llm
t3_btso6x,cluster_diff,base_llm
t3_6cvxe6,cluster_diff,base_llm
t3_8nnhm8,cluster_diff,base_llm
t3_48m8f4,cluster_diff,base_llm
t3_q48hb1,cluster_diff,base_llm
t3_f892od,cluster_diff,base_llm
t3_12um7nd,cluster_diff,base_llm
t3_zvnlck,cluster_diff,base_llm
t3_7nm323,cluster_diff,base_llm
t3_381wn9,cluster_diff,base_llm
t3_rht8jf,cluster_diff,base_llm
t3_a6j355,cluster_diff,base_llm
t3_6r2yhj,cluster_diff,base_llm
t3_8zsqgf,cluster_diff,base_llm
t3_4gwvva,cluster_diff,base_llm
t3_tstz81,cluster_diff,base_llm
t3_wp7csx,cluster_diff,base_llm
t3_wagi3f,cluster_diff,base_llm
t3_8tvru0,cluster_diff,base_llm
t3_zboqtg,cluster_diff,base_llm
t3_6vj8op,cluster_diff,base_llm
t3_e8qflv,cluster_diff,base_llm
t3_7nqpmc,cluster_diff,base_llm
t3_912r8u,cluster_diff,base_llm
t3_e6sm2e,cluster_diff,base_llm
t3_7e3m1l,cluster_diff,base_llm
t3_g43r20,cluster_diff,base_llm
t3_a0s7ea,cluster_diff,base_llm
t3_b3moe0,cluster_diff,base_llm
t3_7ec5ig,cluster_diff,base_llm
t3_dlmsxo,cluster_diff,base_llm
t3_wllnkd,cluster_diff,base_llm
t3_5th9wy,cluster_diff,base_llm
t3_em0las,cluster_diff,base_llm
t3_5rh8tz,cluster_diff,base_llm
t3_5m7oec,cluster_diff,base_llm
t3_rtgbcj,cluster_diff,base_llm
t3_fzkdfz,cluster_diff,base_llm
t3_10jxqcy,cluster_diff,base_llm
t3_btnxuj,cluster_diff,base_llm
t3_1re89d,cluster_diff,base_llm
t3_7xbh6d,cluster_diff,base_llm
t3_106p61n,cluster_diff,base_llm
t3_17fhiq8,cluster_diff,base_llm
t3_2icu72,cluster_diff,base_llm
t3_5oeo2x,cluster_diff,base_llm
t3_of2ici,cluster_diff,base_llm
t3_10ejdd4,cluster_diff,base_llm
t3_aje8m8,cluster_diff,base_llm
t3_eal7a7,cluster_diff,base_llm
t3_2ieza6,cluster_diff,base_llm
t3_14pox0a,cluster_diff,base_llm
t3_r9tzu2,cluster_diff,base_llm
t3_9hzbn4,cluster_diff,base_llm
t3_cmhh4p,cluster_diff,base_llm
t3_66ghvt,cluster_diff,base_llm
t3_4a8i94,cluster_diff,base_llm
t3_qome6q,cluster_diff,base_llm
t3_pcjmrq,cluster_diff,base_llm
t3_8bzy1b,cluster_diff,base_llm
t3_7nhhve,cluster_diff,base_llm
t3_8jkdk4,cluster_diff,base_llm
t3_16kz1y8,cluster_diff,base_llm
t3_68g8vo,cluster_diff,base_llm
t3_siqwmq,cluster_diff,base_llm
t3_fikoin,cluster_diff,base_llm
t3_9i4i3h,cluster_diff,base_llm
t3_57qc4n,cluster_diff,base_llm
t3_98k1to,cluster_diff,base_llm
t3_5f3797,cluster_diff,base_llm
t3_ffkts4,cluster_diff,base_llm
t3_d22cnl,cluster_diff,base_llm
t3_c2w1oc,cluster_diff,base_llm
t3_bwdkwv,cluster_diff,base_llm
t3_eseuze,cluster_diff,base_llm
t3_9steju,cluster_diff,base_llm
t3_97c40t,cluster_diff,base_llm
t3_pca9bp,cluster_diff,base_llm
t3_13zon9r,cluster_diff,base_llm
t3_9spd5b,cluster_diff,base_llm
t3_co42t5,cluster_diff,base_llm
t3_oxr10e,cluster_diff,base_llm
t3_g369am,cluster_diff,base_llm
t3_aej8dm,cluster_diff,base_llm
t3_375cgq,cluster_diff,base_llm
t3_e8x07h,cluster_diff,base_llm
t3_68c2ee,cluster_diff,base_llm
t3_1mj78d,cluster_diff,base_llm
t3_7xrsby,cluster_diff,base_llm
t3_9kctpz,cluster_diff,base_llm
t3_8hs79g,cluster_diff,base_llm
t3_2pata1,cluster_diff,base_llm
t3_a8vj2m,cluster_diff,base_llm
t3_50ht8b,cluster_diff,base_llm
t3_890imd,cluster_diff,base_llm
t3_16tvzqy,cluster_diff,base_llm
t3_qx8d6o,cluster_diff,base_llm
t3_zlttzw,cluster_diff,base_llm
t3_a7x9dw,cluster_diff,base_llm
t3_pl0v5k,cluster_diff,base_llm
t3_8x3a45,cluster_diff,base_llm
t3_12yf67h,cluster_diff,base_llm
t3_1348pqq,cluster_diff,base_llm
t3_4txwwp,cluster_diff,base_llm
t3_a8rv82,cluster_diff,base_llm
t3_chmtwt,cluster_diff,base_llm
t3_2jd1e2,cluster_diff,base_llm
t3_yl2vm1,cluster_diff,base_llm
t3_qz51hj,cluster_diff,base_llm
t3_zet7ep,cluster_diff,base_llm
t3_23kv7b,cluster_diff,base_llm
t3_eh9axj,cluster_diff,base_llm
t3_a84xg9,cluster_diff,base_llm
t3_20yb04,cluster_diff,base_llm
t3_xs6lnj,cluster_diff,base_llm
t3_wbq68p,cluster_diff,base_llm
t3_our7xs,cluster_diff,base_llm
t3_ad28o4,cluster_diff,base_llm
t3_92o1sy,cluster_diff,base_llm
t3_122l3s0,cluster_diff,base_llm
t3_ew4z64,cluster_diff,base_llm
t3_wj7dgj,cluster_diff,base_llm
t3_bh3rw9,cluster_diff,base_llm
t3_p2ghds,cluster_diff,base_llm
t3_qnvjb6,cluster_diff,base_llm
t3_2lxha7,cluster_diff,base_llm
t3_98lkjz,cluster_diff,base_llm
t3_u5nq7y,cluster_diff,base_llm
t3_pcd4u5,cluster_diff,base_llm
t3_cvvh2r,cluster_diff,base_llm
t3_8o0szc,cluster_diff,base_llm
t3_3ry8vf,cluster_diff,base_llm
t3_oszbvo,cluster_diff,base_llm
t3_2kko3q,cluster_diff,base_llm
t3_9bwog5,cluster_diff,base_llm
t3_t9ubj2,cluster_diff,base_llm
t3_u1eyv1,cluster_diff,base_llm
t3_69p4a2,cluster_diff,base_llm
t3_11z1qpg,cluster_diff,base_llm
t3_17fjuax,cluster_diff,base_llm
t3_7u4svn,cluster_diff,base_llm
t3_2r5o9o,cluster_diff,base_llm
t3_q3dmmn,cluster_diff,base_llm
t3_bwhb0p,cluster_diff,base_llm
t3_a4r12g,cluster_diff,base_llm
t3_u72yu9,cluster_diff,base_llm
t3_dl8kz1,cluster_diff,base_llm
t3_xlysxm,cluster_diff,base_llm
t3_9ljc5r,cluster_diff,base_llm
t3_y77uep,cluster_diff,base_llm
t3_6acs7j,cluster_diff,base_llm
t3_piivsy,cluster_diff,base_llm
t3_avtj8f,cluster_diff,base_llm
t3_cb1w03,cluster_diff,base_llm
t3_bag1tp,cluster_diff,base_llm
t3_678y49,cluster_diff,base_llm
t3_8l4gdh,cluster_diff,base_llm
t3_p4dk6p,cluster_diff,base_llm
t3_3ggw15,cluster_diff,base_llm
t3_79mlz2,cluster_diff,base_llm
t3_6azqg0,cluster_diff,base_llm
t3_8dzs6j,cluster_diff,base_llm
t3_umdvo0,cluster_diff,base_llm
t3_73uu8m,cluster_diff,base_llm
t3_15n12on,cluster_diff,base_llm
t3_poqszc,cluster_diff,base_llm
t3_3c7bxx,cluster_diff,base_llm
t3_3imwj8,cluster_diff,base_llm
t3_28u9p1,cluster_diff,base_llm
t3_r0iojg,cluster_diff,base_llm
t3_5rjyrk,cluster_diff,base_llm
t3_8eyrv4,cluster_diff,base_llm
t3_reryba,cluster_diff,base_llm
t3_168crbs,cluster_diff,base_llm
t3_22f1kj,cluster_diff,base_llm
t3_5ec64h,cluster_diff,base_llm
t3_aeldqn,cluster_diff,base_llm
t3_8btrrm,cluster_diff,base_llm
t3_14zewcl,cluster_diff,base_llm
t3_f4vfbq,cluster_diff,base_llm
t3_2q2rpq,cluster_diff,base_llm
t3_r94db9,cluster_diff,base_llm
t3_52k2nj,cluster_diff,base_llm
t3_bjvsdf,cluster_diff,base_llm
t3_fgy54e,cluster_diff,base_llm
t3_f7osv1,cluster_diff,base_llm
t3_ac555r,cluster_diff,base_llm
t3_11mxy33,cluster_diff,base_llm
t3_eo4s39,cluster_diff,base_llm
t3_a7rpc8,cluster_diff,base_llm
t3_14k7yrq,cluster_diff,base_llm
t3_28sivx,cluster_diff,base_llm
t3_fofyrk,cluster_diff,base_llm
t3_zclil7,cluster_diff,base_llm
t3_5z33ea,cluster_diff,base_llm
t3_q82vrq,cluster_diff,base_llm
t3_9uhi8i,cluster_diff,base_llm
t3_pfjj8j,cluster_diff,base_llm
t3_65w579,cluster_diff,base_llm
t3_cdyrly,cluster_diff,base_llm
t3_28lu7m,cluster_diff,base_llm
t3_8oqbdy,cluster_diff,base_llm
t3_574f5x,cluster_diff,base_llm
t3_vicntp,cluster_diff,base_llm
t3_8jvthp,cluster_diff,base_llm
t3_7v588d,cluster_diff,base_llm
t3_pc2wwp,cluster_diff,base_llm
t3_73ly7k,cluster_diff,base_llm
t3_6ud7lf,cluster_diff,base_llm
t3_110vlov,cluster_diff,base_llm
t3_11r7b1z,cluster_diff,base_llm
t3_7wibbn,cluster_diff,base_llm
t3_p68364,cluster_diff,base_llm
t3_yie2aw,cluster_diff,base_llm
t3_ff7ym1,cluster_diff,base_llm
t3_acvior,cluster_diff,base_llm
t3_f9sayl,cluster_diff,base_llm
t3_7582p6,cluster_diff,base_llm
t3_87jeuy,cluster_diff,base_llm
t3_oior64,cluster_diff,base_llm
t3_157u801,cluster_diff,base_llm
t3_6gmrtl,cluster_diff,base_llm
t3_4grvqa,cluster_diff,base_llm
t3_27r91j,cluster_diff,base_llm
t3_88j99g,cluster_diff,base_llm
t3_12ptc6c,cluster_diff,base_llm
t3_7symu9,cluster_diff,base_llm
t3_3z24lv,cluster_diff,base_llm
t3_xj3jug,cluster_diff,base_llm
t3_8fvhi6,cluster_diff,base_llm
t3_fe3b8e,cluster_diff,base_llm
t3_13l8kpw,cluster_diff,base_llm
t3_3ugkz5,cluster_diff,base_llm
t3_yqvhaw,cluster_diff,base_llm
t3_bpa6qs,cluster_diff,base_llm
t3_5whnbu,cluster_diff,base_llm
t3_6svs5m,cluster_diff,base_llm
t3_3y1m6i,cluster_diff,base_llm
t3_6h05hn,cluster_diff,base_llm
t3_3a27yg,cluster_diff,base_llm
t3_v9xirf,cluster_diff,base_llm
t3_5nrv3a,cluster_diff,base_llm
t3_fzxsfq,cluster_diff,base_llm
t3_46ztf9,cluster_diff,base_llm
t3_9cdp4n,cluster_diff,base_llm
t3_82jvve,cluster_diff,base_llm
t3_11djhdz,cluster_diff,base_llm
t3_d9kkdk,cluster_diff,base_llm
t3_ono6hu,cluster_diff,base_llm
t3_79lrt8,cluster_diff,base_llm
t3_a593m4,cluster_diff,base_llm
t3_67hzhb,cluster_diff,base_llm
t3_7eq78c,cluster_diff,base_llm
t3_va18qw,cluster_diff,base_llm
t3_ojyqs7,cluster_diff,base_llm
t3_94nue5,cluster_diff,base_llm
t3_4y0xuh,cluster_diff,base_llm
