post_id,set_a_source,set_b_source,opinion_length,base_llm_args_count,cluster_diff_args_count,set_a_avg_length,set_b_avg_length
t3_28lu7m,cluster_diff,base_llm,773,3,3,2182.6666666666665,938.0
t3_5ytyac,cluster_diff,base_llm,933,3,3,2007.6666666666667,1054.6666666666667
t3_xs6lnj,base_llm,cluster_diff,737,3,3,1489.3333333333333,2393.6666666666665
t3_381wn9,base_llm,cluster_diff,846,3,3,963.3333333333334,2158.3333333333335
t3_3tlj3b,base_llm,cluster_diff,1885,3,3,1107.0,2132.3333333333335
t3_8tvru0,cluster_diff,base_llm,596,3,3,2058.6666666666665,873.0
t3_dl8kz1,cluster_diff,base_llm,651,3,3,2455.3333333333335,1061.0
t3_14pjp35,base_llm,cluster_diff,813,3,3,1585.3333333333333,2204.6666666666665
t3_wp7csx,base_llm,cluster_diff,1908,3,3,1268.0,2331.0
t3_xaj11z,base_llm,cluster_diff,1784,3,3,839.6666666666666,2063.0
t3_98k1to,cluster_diff,base_llm,1754,3,3,2371.3333333333335,819.0
t3_4grvqa,cluster_diff,base_llm,1213,3,3,2455.6666666666665,1078.3333333333333
t3_uworta,base_llm,cluster_diff,826,3,3,937.6666666666666,2513.6666666666665
t3_1mj78d,base_llm,cluster_diff,965,3,3,892.6666666666666,2458.6666666666665
t3_u6dzsu,base_llm,cluster_diff,1231,3,3,1181.3333333333333,2227.0
t3_2lpmos,cluster_diff,base_llm,1144,3,3,2293.0,1194.6666666666667
t3_3z24lv,cluster_diff,base_llm,1431,3,3,2326.3333333333335,1214.6666666666667
t3_t9jrxv,base_llm,cluster_diff,1872,3,3,1136.6666666666667,2259.3333333333335
t3_1y40hc,base_llm,cluster_diff,1236,3,3,818.0,2081.3333333333335
t3_2ylpc2,cluster_diff,base_llm,1754,3,3,2653.0,858.6666666666666
t3_131e4nd,cluster_diff,base_llm,916,3,3,2062.0,889.3333333333334
t3_aeldqn,cluster_diff,base_llm,1810,3,3,2819.6666666666665,1180.0
t3_9cdp4n,cluster_diff,base_llm,1324,3,3,2337.6666666666665,885.3333333333334
t3_912r8u,cluster_diff,base_llm,952,3,3,2170.6666666666665,740.0
t3_8yabtj,base_llm,cluster_diff,749,3,3,961.3333333333334,1640.0
t3_a3eyki,cluster_diff,base_llm,678,3,3,1788.6666666666667,1025.6666666666667
t3_eal7a7,cluster_diff,base_llm,895,3,3,1986.3333333333333,1107.6666666666667
t3_qwig45,cluster_diff,base_llm,958,3,3,1826.3333333333333,1363.3333333333333
t3_5x0352,base_llm,cluster_diff,1297,3,3,1051.0,2328.3333333333335
t3_34r42c,base_llm,cluster_diff,1949,3,3,777.0,2289.6666666666665
t3_14n1g5m,base_llm,cluster_diff,1450,3,3,911.6666666666666,2474.0
t3_5nrv3a,cluster_diff,base_llm,928,3,3,2205.6666666666665,1162.3333333333333
t3_a7xuwr,cluster_diff,base_llm,1284,3,3,2286.0,695.3333333333334
t3_bjlv6r,base_llm,cluster_diff,1423,3,3,939.6666666666666,1904.6666666666667
t3_vjw3nn,cluster_diff,base_llm,1939,3,3,2472.6666666666665,858.6666666666666
t3_td2w6r,base_llm,cluster_diff,1275,3,3,1134.3333333333333,2393.6666666666665
t3_pcd4u5,base_llm,cluster_diff,1097,3,3,1430.6666666666667,2145.6666666666665
t3_fgy54e,cluster_diff,base_llm,822,3,3,2182.6666666666665,935.6666666666666
t3_f1nlzq,cluster_diff,base_llm,1505,3,3,2400.3333333333335,990.0
t3_f0ybad,cluster_diff,base_llm,1746,3,3,2227.3333333333335,949.6666666666666
t3_8g5ukh,base_llm,cluster_diff,1434,3,3,1043.0,2069.6666666666665
t3_bhacy9,base_llm,cluster_diff,1087,3,3,881.6666666666666,2415.0
t3_12um7nd,cluster_diff,base_llm,1257,3,3,1948.3333333333333,609.6666666666666
t3_1k9jlv,base_llm,cluster_diff,1512,3,3,1210.0,2373.3333333333335
t3_17dkkpk,cluster_diff,base_llm,834,3,3,2536.3333333333335,843.3333333333334
t3_qdohnb,cluster_diff,base_llm,594,3,3,2210.6666666666665,831.0
t3_12n97s1,cluster_diff,base_llm,1678,3,3,2321.0,985.6666666666666
t3_aewypm,cluster_diff,base_llm,890,3,3,2284.6666666666665,1097.3333333333333
t3_9j2uty,cluster_diff,base_llm,790,3,3,2305.0,1069.3333333333333
t3_qfma4w,cluster_diff,base_llm,1148,3,3,2134.0,1094.0
t3_8o0szc,cluster_diff,base_llm,792,3,3,2083.3333333333335,931.6666666666666
t3_7ec5ig,cluster_diff,base_llm,749,3,3,2438.6666666666665,887.0
t3_287z9c,base_llm,cluster_diff,1151,3,3,906.6666666666666,2312.6666666666665
t3_pti2k6,cluster_diff,base_llm,1441,3,3,2027.0,1358.6666666666667
t3_pcawwd,cluster_diff,base_llm,1784,3,3,2958.3333333333335,1653.0
t3_2a7f52,base_llm,cluster_diff,1221,3,3,1234.0,2219.3333333333335
t3_3ggw15,base_llm,cluster_diff,1983,3,3,856.6666666666666,2703.3333333333335
t3_cvvh2r,base_llm,cluster_diff,1246,3,3,846.0,2128.3333333333335
t3_7e3m1l,base_llm,cluster_diff,1714,3,3,1079.0,2287.0
t3_17fjuax,cluster_diff,base_llm,737,3,3,2164.0,1135.3333333333333
t3_5e44xi,cluster_diff,base_llm,969,3,3,2509.3333333333335,1561.6666666666667
t3_cefdew,base_llm,cluster_diff,950,3,3,1019.0,2179.3333333333335
t3_574f5x,base_llm,cluster_diff,873,3,3,1222.6666666666667,2533.6666666666665
t3_pm8hce,cluster_diff,base_llm,1046,3,3,1983.3333333333333,929.0
t3_dqu3dv,base_llm,cluster_diff,1049,3,3,1186.0,2244.6666666666665
t3_3ri5n8,base_llm,cluster_diff,891,3,3,1332.3333333333333,2224.0
t3_a4r12g,cluster_diff,base_llm,899,3,3,2147.6666666666665,929.0
t3_16z6nqg,cluster_diff,base_llm,1480,3,3,2071.3333333333335,1041.3333333333333
t3_2rcsdh,cluster_diff,base_llm,1599,3,3,2312.6666666666665,1388.6666666666667
t3_24c1q3,cluster_diff,base_llm,1747,3,3,2078.6666666666665,1350.3333333333333
t3_9674qq,cluster_diff,base_llm,1000,3,3,2640.6666666666665,910.3333333333334
t3_bpa6qs,cluster_diff,base_llm,856,3,3,2063.3333333333335,1145.6666666666667
t3_5h1yvp,base_llm,cluster_diff,1090,3,3,1459.3333333333333,2135.3333333333335
t3_5nkl7t,base_llm,cluster_diff,1481,3,3,930.6666666666666,2103.0
t3_17fhiq8,base_llm,cluster_diff,943,3,3,1058.0,2463.6666666666665
t3_r661bv,cluster_diff,base_llm,1524,3,3,2174.0,851.0
t3_bj65gp,cluster_diff,base_llm,1515,3,3,2244.0,1130.3333333333333
t3_5gmip9,cluster_diff,base_llm,1693,3,3,2292.3333333333335,911.6666666666666
t3_g1y8t9,cluster_diff,base_llm,1194,3,3,2327.6666666666665,1695.0
t3_pfjj8j,base_llm,cluster_diff,1703,3,3,951.3333333333334,2250.0
