post_id,input,input_length,arg_count,avg_gen_length,std_gen_length,min_gen_length,max_gen_length,input_length_quartile,avg_gen_length_quartile,strata
t3_17dkkpk,"It should be legal to scam/hack scammers using ANY means I’ve been watching Jim Browning and other similar YouTubers for awhile, I realized that the amount of scammers would drastically reduce if there are more people like them. However, it’s pretty illegal to do that, but what if it wasn’t? To make this CMV more interesting, we’ll assume that the hackers know, without a doubt, that their target is 100% a scammer. Wouldn’t the amount of scammers, mostly amateur/‘low-skilled’, decrease. Imagine the psychological effect we can have on them, the hunter (scammer) could turn into prey at any moment. I understand some individuals might get themselves hacked or scam as they overestimate their abilities - it’s a risk I’m willing to take. I haven’t done much, if any research, so this isn’t the best CMV but I like to see opinions on this. Thanks!",848,3,844.6666666666666,36.909799963334024,805,878,Q1,Q1,Q1_Q1
t3_8tvru0,"Drug addiction is a choice, not a disease I do have sympathy for those with drug addiction, but they did originally make the choice to put the drugs into there body. No one held them down and injected them with heroin. I understand that after that they can\`t fully control there needs, but it was there fault for doing the drugs in the first place. I try to have empathy for others whenever I can, but I find it difficult to do so for addicts when they are the architects of there own destruction. I would love to hear others viewpoints and experiences to better understand this complicated issue.",598,3,873.0,97.24710792614863,766,956,Q1,Q1,Q1_Q1
t3_28lu7m,"Contrary to popular belief, the recent change regarding up and down vote counts is completely benign and being blown WAY out of proportion I just don't get it at all. I don't see what exactly the specific counts offer to the average user. Yes, you can see if a lot of people have seen your post, I'll give you that. But if enough people have seen it AND voted on it enough to warrant your notice, they will also be replying and discussing, which helps you better gauge response than those two silly numbers ever could. In another CMV, /u/Masowb8 went so far as to call hiding the counts ""a move that...drastically shifts the community’s structure and dynamic."" How exactly? Why are people so upset about not getting specifics? Frankly, I think everyone is just being childish.",776,3,938.0,101.0,837,1039,Q1,Q2,Q1_Q2
t3_fgy54e,"Americans should consider postponing the elections due to CoVid 19 With the growing infected rates around the world and in the US, it is likely that the election campaigns will be affected on a very widespread scale. That will lead to people not being informed about the stance of the candidates, also the actual turnout will be affected as well. Secondly, the overall atmosphere of fear and uncertainty will lend itself to people to be bullied into voting for candidates they dont ideologically align themselves with. Fear-mongering will be used by both sides to their advantage and to the overall disadvantage of the American people. Lastly, the health risk of getting people together in huge numbers for rallies and eventually for the actual election day will further the disease in an unprecedented manner. &amp;#x200B;
CMV please",834,3,935.6666666666666,93.03941816957655,878,1043,Q1,Q2,Q1_Q2
t3_8o0szc,"The EU should abolish intensive animal farming by 2030 \* There is a growing consensus, in ethics and in the general population,  
that factory farmed meat is highly problematic \(for various reasons,  
some related directly to animals, others to humans and the environment\). \* However, people still consume, in the main, such meat. There is a gap  
between what people have reason to believe and how they act. \* Currently, we ""privatize"" this problem and hope for consumerism to  
solve it, while what is needed is structural, political change. \* It is a political task to ban goods that are harmful to the community. \* The way we farm in Europe is mostly driven by the EU's Common  
Agricultural Policy \(CAP\). \* Hence, the EU should work to abolish factory farming, just as it is  
banning plastic waste.",814,3,932.3333333333334,79.349438141258,868,1021,Q1,Q2,Q1_Q2
t3_9j2uty,"Cats don’t actually love their humans. I myself love cats. I think they’re cute, funny, and fun to have; however, I do not think they actually love their humans. I think many cat owners mistake loyalty or trust with love. Love constitutes selflessness, which is something no cat has ever or will ever have. If one did argue that cats DO love their humans they do not show it in any capacity either, which leaves no evidence that the cat really does love the human. As a comparison, dogs do show their love for humans, arguably too much. Oftentimes they are extremely selfless for their owner and sometimes fellow dogs that live with them. I definitely think cats can trust and even maybe like a human, idk, but there is definitely no love. They are wild, and thus selfish so they can survive.",792,3,1069.3333333333333,71.15007613020052,1001,1143,Q1,Q3,Q1_Q3
t3_aewypm,"The Left's arguments against the wall are basically interchangeable with the Right's arguments against gun control I was watching a YouTube video last night and was struck by how many of the arguments against a border wall in on the US border are similar to the arguments against gun control measures. But obviously these arguments come from opposite sides of the political spectrum. Take the following. They're more or less interchangeable:
* It will not actually deter crime
* People who want to do evil will still find a way to be evil
* The problem is actually smaller than the media is making it out to be
* This issue is fundamental to who we are as a country
* It's a waste of government resources
* It's a form of government overstepping its bounds
I can't imagine a contiguous, well-built wall all along the southern border would have zero effect on immigration and related crimes.",890,3,1097.3333333333333,79.75796720913425,1012,1170,Q1,Q3,Q1_Q3
t3_bpa6qs,"CMV Yeet is a stupid fucking word. Whomever came up with the word yeet needs to be throat punched. It's so cringey every time I hear some teenage idiot say it, even worse so when they are an adult. Just say throw, threw, or thrown like a normal person speaking English. Yeet, yeeted, yote(?) are all idiotic sayings akin to the morally inappropriate dancing style twerking and the cringe inducing fad of dabbing. Our society has seemingly over the last 5-10 years become a lowbrow debauchery. I am 24 myself, and the fact my own peers indulge in such behaviors leaves me with a bad taste in my mouth. When did having self respect and class become unpopular? What benefit is there to speaking in a way that makes others think you're unintelligent? To dancing in such a way to make others question your moral standards? To dabbing in general? Change my view.",856,3,1145.6666666666667,139.1126641730843,1057,1306,Q1,Q3,Q1_Q3
t3_3ri5n8,"I'm a young-earth creationist. I'm a Christian who has always believed that the world is around 6000-10000 years old. That's what I grew up being taught by my church and my family. I believe that the God of the Bible created everything from nothing, and He has always existed, even before time. Recently, however, I've been more critical of my faith and searching out for myself. I'm more liberal than I was a year ago. I've been to many conferences about creation that show the evidence for creation and the great flood being the reason for the fossil layers. Recently, my mind has turned toward more scientific thinking, but I'm still not convinced of evolution because I haven't seen the evidence for it from a perspective that isn't critical of it. Change my view, I know evolution is generally more accepted and creationists are generally seen as less intelligent or respectable for it.",891,3,1332.3333333333333,199.24942492597896,1196,1561,Q1,Q4,Q1_Q4
t3_14pjp35,"Democracy doesn't work Little nervous posting 😅
I've recently developed an interest in philosophy which, in turn, has led me to question today's politics. The more I learn, the more I think that democracy doesn't work. Trying to learn about today's politics seems impossible. I struggle to find information that isn't biased, isn't muddied with misinformation or addresses important issues. The whole system seems reliant on manipulative sensationalism to sway voters. Politicians seem to have personal agendas with rhetoric filled with logical fallacies, misdirection and lies
People seem to vote ignorantly. Unaware of their party's stance, more focused on a single issue or defending what they've always voted. I have no trust in politicians communicating their politics nor in voters making informed decisions.",814,3,1585.3333333333333,328.6735969519507,1320,1953,Q1,Q4,Q1_Q4
t3_xs6lnj,"If there were no animal protection laws, most mammal species would be extinct in the U.S.. Given the amount of guns in the U.S. and the lack of things to legally shoot and kill, I believe if we did away with laws preventing shooting animals in residential/urban areas, and hunting at certain times and only certain animals, deer would be extinct, rabbits would be extinct, foxes would be extinct, etc. If there were no laws to prevent shooting your gun in an urban, suburban, or rural area, people wouldn't just shoot anything, though. Shooting other people's property would have repercussions. But with no law to prevent shooting as many bears as you want, whenever you want, for example, people would hunt them to extinction in the U.S.",738,3,1489.3333333333333,63.00264544710271,1450,1562,Q1,Q4,Q1_Q4
t3_912r8u,"All decisions should be based in logic and reason So I've been reading some Kierkegaard lately, and he's a major proponent of the notion that we should not make all our decisions using reason; he believes that reason is nice and all, yet it doesn't give us what humans crave, which is meaning and purpose and happiness. He believes that humans can only attain this by making some decisions not through reason but the raw passion. I disagree. I think that we should make our decisions based in reason because that's what reason is -- the most sensible option. I think that as rational agents we are inclined to do what makes us the happiest, which would be acting on reason because it provides us with longevity and a more fulfilling contentment with life, while acting with passion leads us to make dumb errors that just give us fleeting pleasure but hurt us in the long-term. Please change my view, pardon if I couldn't articulate my view well enough.",952,3,740.0,71.84010022264724,659,796,Q2,Q1,Q2_Q1
t3_131e4nd,"Urinals should have toilet paper within reach. You can shake all you want, and you can attempt to get close, but you know that pee is going on the floor and in your underwear. I am advocating men have accessible toilet paper on location at every urinal. This will promote a sterile environment as well as sparing us the humiliation of leaking pee into our tighty whities and on to the floor. How nasty is it when you try to pee in a public restroom and theres already a puddle in front of it, and it becomes a cycle of pee where every new urinator has to pee further and further away because the puddle becomes bigger with each urinator? How uncomfortable is it when you have to accept after-pee leakage and either continue your day or shimmy to the paper towel dispenser like a man in a three legged race with himself? If there are any holes in this logic, I would ❤️ to hear from you. Thank you kindly for your time.",918,3,889.3333333333334,16.165807537309536,872,904,Q2,Q1,Q2_Q1
t3_287z9c,"I think being religious is the equivalent of being insane. Insanity. n. mental illness of such a severe nature that a person cannot distinguish fantasy from reality, cannot conduct her/his affairs due to psychosis, or is subject to uncontrollable impulsive behavior. This definition could also be used for almost any person who has faith in any religion. ""A person cannot distinguish fantasy from reality,.."" - A religious person can't divide fantasy from reality. A religious person assumes that their religious fantasy affects reality in someway (for example the devil creates sin) and their whole word view is affected by their faith. ""...cannot conduct her/his affairs due to psychosis..."" A person of faith also changes his/her behavior because of their faith. For example, A person might believe that ""god has a plan"" for them, and as a result take different actions that he wouldn't have if he wasn't religious. Maybe some of the things he does as a result of his faith can be considered as good, but that's not the point. A person with faith tends to involve their religious beliefs in their morals and thinking and therefore behaves differently.",1154,3,906.6666666666666,25.735837529276832,877,923,Q2,Q2,Q2_Q2
t3_a4r12g,"The pressure most teens and young adults place on themselves is too great! Public education should provide a class about expectation management, and acceptance of failure. Bare with me. I'm not the best at articulating ideas, and this topic is a bit of a two for one. I hope what I'm trying to say comes out clearly
For most teens and young adults, achievement has become so glorified that the very idea of failure is more terrifying than death. In my eyes, this creates a whole host of mental problems for all people effected. My proposed solution to this problem is to implement a course that the students are designed to fail, but afterwards are consoled and shown basic psychological coping mechanisms. The goal isn't to completely eliminate the fear of failure, but make it more manageable. TL;DR: Failure is part of life and not the end of the world. We should make sure young minds know that.",899,3,929.0,40.58324777540605,890,971,Q2,Q2,Q2_Q2
t3_9674qq,"Bi-Direction human time travel is impossible My theory is pretty simple. If humans were able to travel forward and backward in time at any point in time, then that technology would exist at all point in time. Simply because if I invented a time machine today, that time machine technology would eventually be used by someone to take the technology to an earlier time. This would continue to happen repeatedly, until all times had time travel technology. Therefore, since we don't have time travel technology today, time travel technology must never exist. A couple caveats here:
1. I'm talking \\\*real\\\* time travel here. Not simply exceeding the speed of light and looking back over your shoulder. Time travel that allows you to travel through time and interact with the people and things of that time. 2. Bi-directional is important here. If you can only travel in one direction (particularly if you can only travel forward), my theory breaks down. I am expressing no view on uni-directional time travel.",1009,3,910.3333333333334,89.61212715549908,834,1009,Q2,Q2,Q2_Q2
t3_5nrv3a,"English speakers should stop using either ""affect"" or ""effect"". I'm not an English major. I'm just a lifetime English speaker who's wasted too much time thinking ""wait, do I use 'effect' or 'affect' here?"" and I realized this morning that I can't think of a good reason for them both to exist. I'm aware that the two words, ""affect"" and ""effect"" have differing definitions, but that doesn't matter. The English language has plenty of words that have multiple meanings discerned from context. ""Buffalo"" can be a city or an animal and one doesn't need the A changed to an E.
The two words are similar enough that I see no point to having both. I think one word would suffice and cut down on incorrect usage. Obviously, the English Language Overlords aren't going to see this post and decree the word ""affect"" stricken from the records. But, I am curious if anyone can tell me why it's a good idea for both of these words to exist.",928,3,1162.3333333333333,164.51241087934167,999,1328,Q2,Q3,Q2_Q3
t3_17fhiq8,"college tuition is not a parents responsibility Once you're 18, you are an adult. If there is any education that you would like to pursue out of high school that is completely your responsibility, and if you have parents that want to help you, consider yourself lucky. Parents are responsible for your education and welfare while you are still a child because you are unable to fend for yourself. If your parents did their job right, you will have the skills to save up after high school or apply for a scholarship.The entitlement of having your parents help you after you graduate is really selfish. You shouldn't have the expectation and if you receive the help, you should be very grateful and make sure that their investment is worthwhile by applying yourself and not wasting valuable study hours by getting drunk, partying and doing immature foolishness...and actually sticking with your major instead of ""finding yourself"" on their dime.",943,3,1058.0,110.12265888544464,989,1185,Q2,Q3,Q2_Q3
t3_qfma4w,"Apartments should reserve their ground floors for tenants with mobility handicaps OR something needs to be done about the stairs/fire escapes Imagine the apartment you live in catches on fire and you live on the third floor. You get to the elevator but of course there’s a sign that says “in case of fire use stairs” Seems easy enough, right? But what if you’re in a wheelchair or scooter. You *can’t* use the stairs so your only options are to:
A) Hope a neighbor is able to carry you down or;
B) Hope a firefighter finds you before you inhale too much smoke or the flames get too close. How is that fair or even safe? Buildings are already to meet fire-code regulations so what harm is there in adding a few more even if you never *expect* the building to catch fire? Now, forcing people who have mobility handicaps to live on the ground floor could be seen as a form of discrimination and therefore illegal, which is why I added the second part in there. Instead of having stairs, apartments could have ramps so *in case of* a fire, a tenant confined to a wheelchair who lives on the third floor could wheel themselves down or have another tenant help them.",1160,3,1094.0,66.70082458260917,1017,1134,Q2,Q3,Q2_Q3
t3_5e44xi,"The world would be so much better without Christianity, Islam, and Judaism I had this all typed out and they removed it because no CMV. I'm feeling pretty reluctant about typing this again, but anyways, these religions of having ""one god,"" bring nothing but violence and negativity into this world. I understand that there are those miracle moments and churches do good things for communities. But that's all in their head. They could do that without it being ""gods will."" I'm having trouble understanding why they should be kept around, science disproves everything in their holy texts. Throughout history so many people have been murdered because they refuse to believe in their version of god or any god. I feel like I'm a very open minded person but I just don't think anybody should be killed or treated differently over an idea. I don't want to say what people should and shouldn't believe in but wouldn't the world be a much better place without these religions?",969,3,1563.0,253.74987684726077,1396,1855,Q2,Q4,Q2_Q4
t3_2lpmos,"Western visitors to Iran or North Korea who do anything that breaks laws deserve to end up in jail and their home governments should make it clear they won't support them. I sincerely doubt that anyone visiting Iran or North Korea is unaware of the strict enforcement that these countries mete out to foreigners attempting to demonstrate against or change an internal policy. They know full well what they're getting into. Bringing Christ's message to North Korea? Jail. Want to change Iran's policies concerning women attending sports events? Jail. People who do this are either naive fools or are religious fools. They bring potential harm to their home countries by providing a bargaining chip and advantage to the imprisoning governments. Western governments need to make it clear to travelers to these countries that if they intentionally break laws or provoke the ""system"" they'll face dire consequences with no assistance from their home government. edit: My CMV should have been this:
Western visitors to Iran and North Korea who knowingly provoke the regime should expect severe punishment and no assistance from their home government.",1144,3,1194.6666666666667,88.55694966140906,1108,1285,Q2,Q4,Q2_Q4
t3_qwig45,"Spaghetti is objectively the worst pasta noodle and every pasta dish would be improved with a better noodle. It sucks at holding sauce, it doesn't mix well in the dish itself (you'll get a bite of a bunch of noodles, or you'll get a bite of the sauce and whatever else you have in your dish, but never both simultaneously), it's long and gangly and hard to scoop onto your plate without making a mess, no single utensil is really made for getting it from your plate to your mouth.... Is there any redeeming quality other than it's kinda fun to say in a vaguely racist Italian accent? Every single pasta is better than spaghetti noodles. Why is it so popular? Edit: since the friend spaghetti comment was so.... Popular?... I feel the need to clarify. When you have leftover spaghetti, sometimes I throw it in a pan with some olive oil at medium-high heat and fry it a bit to serve it again. It's delicious and I highly recommend trying it with your leftovers",958,3,1363.3333333333333,36.67878587594381,1322,1392,Q2,Q4,Q2_Q4
t3_1y40hc,"I think it's okay to litter non-recyclables. ...because if I put my trash in the waste bin then it's going to be 'littered' somewhere else anyways. Yes it will be taken to a dump or an incinerator and therefore be out of sight if I put it in the waste bin but maybe it doesn't matter if there's trash on the side of the road or perhaps I can throw it in the bushes where it will decompose without being seen or maybe it's better for the environment for it to be littered than taken to an incinerator. Really I mostly throw half-drunk soda cans or half-eaten candy bars out of my car because I don't want the temptation of it being in my car while I'm driving but I also just don't have strong feelings against littering in general because it's just aesthetically unappealing and doesn't really harm anyone, though I do wonder what happens to the trash on the side of the road. Do people always come through and pick it up or are there times when it sits there for the year or two necessary for it to decompose (perhaps how long it takes to decompose is a question for /r/askscience). Also I do try to care for the 'good of the herd' and would be willing to change my view if it means littering is bad for the environment or my fellow man.",1238,3,818.0,83.23460818673925,766,914,Q3,Q1,Q3_Q1
t3_12um7nd,"Jars with twist-off lids are a stupid way to package products you’re going to use in the shower Recently, my favorite brand of conditioner was discontinued. It came in a plastic bottle with a flip-open spout built into the lid. This was very convenient to use because I could flip open the lid and squirt the product into my free hand. Then I could close the spout against my side, or if I just set the bottle down that worked too, because almost no water would get in down the spout. But now I have to find a new conditioner, and so I tried one that comes in a jar with a twist-off lid. I have some styling products packaged this way, so I didn’t think anything of it, but come to find out, it’s a terrible way to package products Intended for use in the shower. It takes me both hands to open, if I set down either the jar or the lid, a lot of water gets in, it should really be on a shelf but a lot of people (myself included) don’t have one in their shower. I’ve been setting it on that little step that’s for your foot, but then I can’t use it as a step. I just don’t see why anyone would package shower products this way. Did they not do any consumer testing? Do some of you like having to juggle a lid and an open jar in the shower? What am I missing here? ?",1265,3,609.6666666666666,70.86842268128544,550,688,Q3,Q1,Q3_Q1
t3_9cdp4n,"Christian ideology is the opposite of Libertarianism, and that sucks Lifelong Catholic here. I've been skeptical about my religion for a while now and I just realized while sitting in church that Christian beliefs are in direct conflict with my personal political beliefs. Like most millenials I am fiscally conservative and psocially liberal. To me Libertarianism makes perfect sense. I believe in Capitalism as I feel free markets stimulate innovation and productivity, and I feel that people should be allowed to spend or save their own money however they see fit as long as it was earned justly. I'm also socially liberal as I feel people should be allowed to be whoever they want to be and do whatever they want to do, as long as they don't harm others (I support gay marriage but have mixed views on abortion). However, my religion has the opposite viewpoint on both matters. It says that we must pay taxes, give to the poor and not accumulate wealth. It is pro-life (I don't necessarily oppose this, I'm just mentioning it because it's a conservative viewpoint), and forbids cross-dressing, homosexuality and premarital sex. I'm not going to add references as Christians should know which passages I'm referring to. Hopefully some of said Christians could change my view using rational arguments and not Bible quotes.",1324,3,885.3333333333334,75.19530127164418,821,968,Q3,Q1,Q3_Q1
t3_bjlv6r,"Walmart pays their employees more fairly than Costco In terms of an employee's actual value to a company, I have concluded that Walmart pays their employees more fairly than Costco. To start off, the calculations I use are somewhat assumptive and may not be paint the full picture; however, based off of my data, I hope you can see where I am coming from. Net Income = (Profit after expenses, including tax)
Costco 
Glassdoor: 13-14$/hr
Number of Employees: 245,000
Net Income(2018): 3,130,000,000$
Net Income per Employee: 12,700$
Walmart
Glassdoor wage: 10-11$/
Number of Employees: 2,200,000
Net Income(2018): 6,670,000,000$
Net Income per Employee: 3,000$
As I stated above, this does not necessarily mean that a Costco employee makes 4 times as much; however it does show a significant difference. A Costco employee makes on average 1.3 as much hourly than a Walmart employee. Now I understand Costco does offer a-lot more benefits than Walmart, but I doubt the benefits would equate to near 40$/hr. To conclude, I would like to reiterate the fact that a Costco employee hypothetically earns the 4 times the profit than a Walmart employee. Yet, Costco pays their employees 1.3 as much (not including benefits). I understand that Walmart is not a very good place to work, and making a living there is very difficult. But based on how much profit a standard employee brings in; Walmart pays their employees more fairly than Costco.",1434,3,939.6666666666666,29.29732638541159,918,973,Q3,Q2,Q3_Q2
t3_14n1g5m,"Most laws regarding a certain age limitation should be toned down I have had the belief for a long time that laws regarding minors not being able to do certain things are dumb. Most of these laws are useless, but some of these laws can be good. Here's my breakdown of all the laws:
Gambling: I think gambling shouldn't use real money but rather a virtual currency that's just for fun. After all everybody wastes their money on gambling anyway so it would save a lot of people a lot of money and allow kids to gamble. Voting: The age requirement for voting should be lowered to 10 or 11 because we all have freedoms and one of our freedoms is the ability to vote so therefore everybody should be able to vote as long as they're able to pass some sort of test. This would count for adults too. Driving: This might be my weirdest of all but I think kids should be able to drive once again around age 10 or 11. However instead of relying on the existing cars we should create new cars that are less heavyweights and less capable of hurting someone. That way not only can kids drive but the roads become more safer that you can't die by just getting hit by a car. Drinking/Drugs: This is the only law I believe should not be changed, in fact I think there should be some more restrictions to alcohol usage. So those are all my opinions, see if you can change my mind, because I've had these idealistics for a long time, but I'm open to hear other opinions.",1451,3,911.6666666666666,136.61747082029197,800,1064,Q3,Q2,Q3_Q2
t3_4grvqa,"I believe that black people cannot be racist. [Serious] I believe black people can be prejudiced, but not racist. I believe this because racism is power combined with prejudice. Because black people are rarely in positions of power, they are not capable of the systematic (or unintentional) opression of a specific race. I also feel that though people individually can be prejudiced, racism is an aspect of culture, and it takes more than one person to create an environment of racism. Also, I feel that when people try to acknowledge the existence of reverse racism (blacks being racist towards whites), they themselves are trying to change the subject, and trying to ignore the real problem. By this I mean I could be talking to someone about the issue of racism in our society, and they may mention that black people can be racist too, thereby derailing the conversation and ignoring the problem at hand. &amp;nbsp;
**Edit:** I have seen some good arguments, and one that did change my view a decent amount. However I would like to mention that I am trying to maintain a casual discussion, and all the downvotes aren't helping. **Edit 2:** For clarification of some of my arguments, I think [this] ( article explains it pretty well.",1235,3,1078.3333333333333,177.52840148363111,884,1232,Q3,Q3,Q3_Q3
t3_16z6nqg,"Laziness does not exist. I believe Laziness is a concept that was created to define Executive Function Disorder before we had any understanding of it. I’m a 33yo male. I’ve suffered from ADHD Inattentive type all my life without knowing it, which implies Executive Functions Disorder (EFD). I was convinced I was lazy because of my inabilities to initiate tasks despite my desire to do so. I hated myself for it and thought my life was doomed. I thought I was deemed to be a spectator of my own life. And then my diagnosis came in at 28, and I started taking Metylphenidate, a stimulant prescribed for ADHD. The change in me was so radical, so immediate that I cried. It was like I had been seeing blurry all my life unknowingly and I suddenly had been given glasses and was seeing clear for the first time. I could actually do things I wanted to do, whether it was playing a game, reaching out to a friend, doing exercise, or simply doing a work task I’d been putting off for month. And I didn’t even dreaded it. It was fucking as simple as willing to do it and Zap, just like that, I could do it. I had been playing life on Hardcore mode, and all of a sudden, I granted access to easy mode. That what 5 years ago. My life completely turned around, and I can barely believe how I was living back then. All of this « laziness » was due to a freaking chemical imbalance in my brain that I could do nothing about despite all my will. From this date, I don’t believe laziness exist anymore.",1487,3,1041.3333333333333,57.74368652357878,979,1093,Q3,Q3,Q3_Q3
t3_td2w6r,"Children should not get Baptized or recieve religious teaching until they are old enough to consent. I am an atheist and happily married to a Catholic woman. We have a six months old Daughter and for the first time in our relationship religion is becoming a point of tension between us. My wife wants our daughter be baptized and raised as a Christian. According to her it is good for her to be told this and it helps with building morality furthermore it is part of Western culture. In my view I don't want my daughter to be indoctrinated into any religion. If she makes the conscious decision to join the church when she is old enough to think about it herself that is OK. But I want her to be able to develop her own character first. ---edit---
As this has been brought up multiple times before in the thread I want to address it once. Yes we should have talked about that before. We were aware of each other's views and we agreed that a discussion needs to be happening soon. But we both new we want a child regardless of that decision. And the past times where stressful for everyone so we kept delaying that talk. But it still needs to happen. This is why I ask strangers on the Internet to prepare for that discussion to see every possible argument for and against it.",1275,3,1134.3333333333333,104.14573122952919,1054,1252,Q3,Q3,Q3_Q3
t3_2a7f52,"The New Dr. Who is one of the most overrated shows of all time. I'm talking about the new ones not the classic ones. I really don't see what all the fuss is about this show. It has poor CGI, it's not that funny, and I just find it generally boring. The old ""Time Traveling"" storyline would honestly fit better into a movie over a full on TV Show. Maybe if the episodes were shorter I'd be able to actually complete them in one sitting. But as of right now, the 1 hour boring episodes are impossible to actually sit through. Meanwhile, everyone else on the planet talks and talks about it like it's some sort of religion. I don't understand. Edit: Seeing as multiple people suggest I skip Christopher Eccleston and go to Matt Smith I will try that and see if it changes my view on the series. 2nd Edit: I have awarded Deltas to those whose comments suggest I go to later places in the series. After watching a few later episodes, I can see why people can come to love it. The episodes I watched were from Season 3 and even then I noticed a significant difference. These episodes had better quality than Season 1 so I can only imagine that it has gone up even more into Season 7. Thanks to everyone who submitted a comment.",1221,3,1234.0,208.54495918146762,1055,1463,Q3,Q4,Q3_Q4
t3_1k9jlv,"I believe that Libertarians have no idea how their dogma, especially the ""non-aggression principle"" would actually work in a real society. As a disillusioned citizen, fed up with the antics of Republicans and Democrats alike, I embraced the Libertarian movement during the last Presidential election. Granted, my enthusiasm for Libertarinanism was fueled by questionable online sources that portrayed Libertarians as a moderate combination of Republican and Democrat principles. After subscribing to /r/Libertarian, I learned that the conceptual framework of the party was significantly different from what I thought the party stood for. I have since grown disillusioned with the Libertarian movement because, based upon conversations and questioning of /r/Libertarian members, any question that I posed that had real world implications was not addressed to any degree of sufficiency. For example, the Libertarian non-aggression principle states that the government has no right to enter or seize property. Reality, however, dictates that their are circumstances in which the non-aggression principle does not hold true. Also, based upon my questioning of /r/Libertarian members, they believe that private security forces are superior to government forces. I completely disagree as sell swords (to use a popular vernacular) are only loyal as far as the dollar goes. IMO, this is hardly a reliable or fair system for governmental and public accountability. All this being said, I still want to embrace the Libertarians.",1518,3,1210.6666666666667,118.60157390748797,1107,1340,Q3,Q4,Q3_Q4
t3_pti2k6,"Based on countless experiences, I shouldn't trust doctors or nurses to perform their jobs adequately or even to be great people. Note: I'm not talking about animal doctors. This argument is basically made up entirely of anecdotal evidence. I've been to the doctor, urgent care, the ER, and other places many a time due to being chronically ill. I. Hate. Going. I feel that most of my experiences have been awful. Most doctors and nurses I've met either will straight up refuse to do tests or things that I ask for, don't listen to me, are extremely rude, ignore my pain during procedures,, or all of the above. One person--she might've been just a front desk person, but she was wearing scrubs--even put her hands on me while I was in the ER. Thank christ my GI doctor is actually good, but the others are not. I've had so many bad experiences that I just outright assume that it you're a doctor or nurse, you're not a great person. That's obviously crazy talk, which is why I want this view changed, but a few weeks ago a friend of my boyfriend's mother died IN THE HOSPITAL due to a massive heart attack. They screened her for Covid and that was IT. Not even vitals, apparently. Then they told her there was nothing they could do. She died on her way out of there due to negligence. I'm sick and tired hospital visits and bad doctors, but I also don't want to turn my nose up at medical professionals automatically. I don't want this bias.",1441,3,1358.6666666666667,50.85600587279082,1319,1416,Q3,Q4,Q3_Q4
t3_34r42c,"To post, or not to post one's struggles with mental illness on social media? I say not. I've been through the ringer these last few years in terms of my mental health. Depression, anxiety, suicide attempts, multiple hospitalizations, several medication and therapist changes - it's been rough. My immediate family and closest friends are extremely supportive, for which I am eternally grateful. But beyond that, no one else knows. (I don't mind saying these things on reddit because it's annonymous) But at work, I put on a cheerful fascade, and make no mentions of any of it on Facebook. I basically use social media to share funny stories, the occasional article, and lots of cat pics. Beyond that, I'm not comfortable sharing anything else. But is that the right thing to do? Sometimes I feel like I'm giving a false idea of who I am. I'm only showing the good times, when in fact, the bad times are far more frequent. I value honesty, but also privacy. Plus, talking about mental health problems makes some people uncomfortable, and they pull away. Others see it as attention-whoring. To be honest, that's how I feel sometimes when I see Facebook aquaintances frequently posting updates on their stuggles: (""I'm in the ER! "", ""Been on suicide watch all week"", ""Trying out new meds, hope they work! LOL"", ""I love my therapist, I can tell her everything""). Posts like these result either in lots of likes, or tons of messages of support - and to be honest, I do get a little jealous, and also insecure in my belief that I wouldn't get near that many responses. So is this really just an issue of personal choice? Obviously people can post whatever the fuck they want - although lots of people post things that maybe they shouldn't. But am I denying myself additional support by not posting? Am I being a click-baiting drama queen if I do post? Personally, I choose to keep these things private, but should I? TL;DR - it's right there in the title. &gt; ",1955,3,777.0,24.269322199023193,757,804,Q4,Q1,Q4_Q1
t3_r661bv,"Now that Google has removed the dislike counter, it is an obligation and responsibility for channels to post their like/dislikes publicly to stay fair and honest. Literally just went to youtube and saw they removed the dislikes, I honestly think its a really dumb decision but that's Google and those idiots went ahead and did it. Basically my view is that the change doesn't matter because all the channels can post and pin a comment saying the like to dislike ratio, or something like that. I just feel now that dislikes are effectively gone creators are just gonna make trash videos and not care about the reaction or take really shady sponsorships, etc. It doesn't really remove constructive feedback that a channel can experience through comments or what not, but it removes the at a glance view of whether a video is good or not. **My opinion is that if a channel does not post their like/dislike numbers anyone is reasonable to assume they do not care about the content that they put on their channel and are not worth watching. **
I especially hold this view for the channels that made video after video about this youtube change. If those guys are too lazy to post their dislikes after making a fuss about it then those guys are **hypocrites. ** Anyone can literally do it, it takes a few clicks and copy/paste, hell you can even make a script for it! Alright that's my post, would like some feedback thanks! &amp;#x200B;
A user made me aware that there is an add on to see dislikes  here it is, obviously its not a reddit link so be aware.",1549,3,853.0,46.604720790924176,801,891,Q4,Q1,Q4_Q1
t3_vjw3nn,"The vast majority of relationship problems are due to bad communication Like the title, says: assuming two people like each other but are having issues with each other, I want to claim that if the two had better communication skills they probably wouldn't be having the problems they are. Of course, there are cases, where for example she wants kids and he doesn't and so they break up. That kind of case clearly can't be fixed by talking more. The two people just have different goals in life or want different things from the relationship. For context, I feel the need to argue about this for two reasons. First, friends of mine will complain about their realtionship problems and I constantly find myself thinking ""Talk to your partner!"" or some similar exclamation expressing my frustration with people not communicating more or better. Often they think their partner is being a dick or doesn't care. By my analysis it's usually a lack of communication. Something like: A expects X from B, but never communicated that clearly. B doesn't deliver and A thinks B doesn't care or is an asshole or something similar. Second: r/AITA posts. I would be willing to bet that behind a majority of r/AITA posts about relationship problems is an inability to clearly communicate and resolve conflicts by talking them through. Of course, it's biased. People who are able to talk about their problems with their partner don't go to complain to their friends or the internet. &amp;#x200B;
FYI, my view here isn't super clear. I'm hoping to sharpen my position here. So, if you give me new perspective or bring up some class of examples that I totally underestimated, I'm happy to give deltas for that. You can also try to change my core view, that communication problems are the core of most relationship problems\*
\*with exceptions like the two people don't even like each other in the first place or some other obvious loop holes I'm failing to think up on the spot.",1957,3,858.6666666666666,101.84465294424315,762,965,Q4,Q1,Q4_Q1
t3_3ggw15,"In the US, specialized high schools are revenue centers for the college industry. For all of those outside of the US, in the states going to college/university is very expensive and will drain the finances of the average American and keep them paying for most of their lives. It's a huge profit center, even for ""non-profit organizations"" (most non profit college corporations pay huge salaries to their directors). As for specialized high schools, throughout the country there are high schools that attract the higher performing students and gather them into an environment centered around accelerated and competitive learning. By the middle of a student's sophomore year (10th grade/ second year of high school), they have already been bombarded with information about countless colleges and college services. The students are pressured into buying services to give them an upper edge in the college admission process and are instilled with the fear that if they don't get into prestigious institutions they will have not lived up to their potential. The schools themselves even funnel thousands in public dollars to college services and advertising college services. Throughout my junior year (11th grade), I have missed at least four periods of English class because the school wanted us to attend a 40-minute long advertisement assembly for The Princeton Review (test prep service). I'm going into my senior year (12th grade) and watching how all my friends who also go to specialized high schools are being compelled to pour their parents money into countless services to gain an extra edge against other students. The specialized high schools even subtly shame students who pursue going to public universities like myself. Because of all of these factors, I'm compelled to believe that specialized high schools are just places to gather the students who have high interest in prestigious universities and squeeze all the money out of their families into the US college industry.",1985,3,856.6666666666666,10.5039675043925,846,867,Q4,Q1,Q4_Q1
t3_f0ybad,"Declaring your sexuality on national TV is not an act worth commending This opinion is in response to Philip Schofield, a presenter on 'This Morning' in the UK, coming out as gay on national TV recently. The guy was married for 27 years to his wife and has two children with her. He has now come out as gay and made it a point to declare it on the show. I don't have any hate towards the LGBTQ community at all and if you're gay then that's nice for you but honestly, who cares? Why is everyone making it seem like he is a hero for declaring his sexuality? On a lesser note, does no one care about the sanctity of marriage anymore? Marriage is a big commitment and it would hurt me a lot to think that after all those years my partner was lying to me and himself this whole time. Instead, he is being praised and applauded like it's a brave thing to do. It's not brave. It's nothing (actually it's kind of shit for his wife and kids). No one cares who you're attracted to. That's your personal business. There are so many issues in the world that are more worthy of reporting and attention than coming out in a country that is liberal. Can the news outlets focus on something important and not this nonsense for once? Edit: let me apologise and retract the last paragraph about marriage and his wife. As a lot of the comments have pointed out and from my own understanding, I know he has already got his family's support despite it being a tough thing to accept after being married for so long. That matter is between him and his family and on that basis I take it back and apologise for using it as my fuel to my argument initially. The main thing is the media coverage on this and him being labelled a hero for it which is what I disagree with.",1746,3,951.3333333333334,29.569128044860136,923,982,Q4,Q2,Q4_Q2
t3_12n97s1,"Diversity is not preferable to homogeneity If you look at some of the most homogenous countries on earth, for example Iceland or Japan, they lead in a lot of measures. Polls on happiness, quality of life, studies on cleanliness (as a group, i.e. taking care to keep public places clean), even academics consistently rank countries like these near the very top. Isn't this an argument for homogeneity, or is this correlation rather than causation? As well I think even on a subconscious level, people all have biases. I think it's innate in us, just some of are public about it. Even something like difference in country rather than difference of cultural backgrounds. Even if I agree completely with someone else, maybe deep down I still kinda feel like my country is the best or superior in some way. Even stuff like being cohesive with your team in a workplace setting, cultural differences dictate most of our traditions, ways of thought, how we conduct ourselves, even our moral backgrounds. I don't think it's possible to be 100% in sync as a team unless everyone shares the same goals and have the same ideologies. I don't necessarily think diversity is _wrong_, by the way. What I also think is innate to everyone is the desire to explore, travel, and experience new things. I would never vote for legislation taking this away. I think it's an inalienable right to go where you want, even if laws may not agree with me. I just think a lot of societal strife can boil down to differences of culture, ideology, and so on which can be attributed to diversity. I know it's the wrong way to think of things but I want to better explore my potential prejudices and change my view.",1681,3,985.6666666666666,91.5277735626369,889,1071,Q4,Q2,Q4_Q2
t3_3tlj3b,"Food is that which is improved by bacon I used to have a theory of food that said it was separated into 2 distinct food groups: things that are improved by the addition of chocolate, and things that are improved by the addition of garlic. Food always belongs to exactly one of these groups. This was a perfectly adequate theory, and it stands today except for some corner cases. Much like Newton's Laws aren't really invalidated by Relativity. But there were gaps in this theory. Bread (among others) is improved by both. Grapefruits and lemons, arguably, are improved by neither, though that seems to be a matter of individual taste. Enough of these exceptions crept in that I was motivated to devise a Grand Unified Theory of Food: Food consists of things that are improved by the addition of bacon. Note that this doesn't mean that all bacon types improve all food types. Food that is already sufficiently or excessively salty would not be improved by adding salt-cured bacon. But it would be improved by smoked uncured bacon. Nor, necessarily, does the bacon have to be an improvement if mixed in with the food item... Eating it alongside is acceptable. Emeril Lagasse is famous for a corollary of this theory: Pork Fat Rules!!! While that's an appeal to authority, he's not exactly an irrelevant authority. Things that would change my view include something that I would agree is ""food"" that is not improved by the addition of bacon. Or a better theory of what is food that doesn't involve bacon at all. (Note: while somewhat tongue-in-cheek, and no doubt offensive to vegans, this actually is a view I hold). 1) Anything that is sufficiently like bacon (e.g. properly salted and wood-grilled wagyu steak), but has its own subtle flavor is unlikely to be improved much if at all by bacon. 2) There are clearly non-foods that bacon improves, so the theory is busted just from that.",1885,3,1107.6666666666667,136.16289264455767,1015,1264,Q4,Q3,Q4_Q3
t3_t9jrxv,"""My body, my choice"" is a bad argument Disclaimer: I'm pro-choice, but think that this particular argument is bad. When debating with someone, you are trying to convince them that your point of view is correct. This requires a lot of understanding on both sides. When I see people screaming ""my body, my choice"" I despair at the self-rightousness and lack of empathy for the other side. That's not to say that this doesn't happen in both directions. For most people using this argument, they do not see the fetus as a baby and therefore attribute no human rights to it. But the people that they're arguing against DO see the fetus as a human. My sister is religious, she sees every human life as a gift from God in his own image. Try to imagine how precious a thing that is to someone who genuinely believes it. It seems so strange to me to be yelling at someone that it's your body, so it's fine to kill a baby. I know that isn't how you or I see it, but that's what it looks like from a pro-life perspective. It's the kind of argument that brutal slave owners would use to justify beating their slaves given that they own them. So this argument is not going to convince anyone for your case, when what you really disagree on is the moral value of the fetus. Can a conjoined twin kill its twin with the defence ""it's my body, my choice""? Of course not, because the human right to ""do what you want with your property"" is superseded by the human right to live. I don't actually think that there's much chance of convincing someone of the opposite opinion to yours with regards to abortion. I'm just a bit sick of the villification that I see all over reddit of people with opposing views without any attempt to see the problem from their angle. &amp;#x200B;
edit: I've definitely had my view expanded and learnt a few things. Thanks for the great, insightful and respectful responses!",1884,3,1137.0,162.4438364481706,1023,1323,Q4,Q3,Q4_Q3
t3_2rcsdh,"Humans are going to die out because of an economic collapse Bill Gade presents the argument better than I do so I will just quote him. &gt;There have been 4 jobs or activities which Man has engaged in throughout the centuries: Hunter/Gathering, Agriculture, Manufacturing, and Services. What's next? What category can you imagine in which billions of people will be working in the future? &gt;
It turns out that there is a final category. It is known as Unemployment. As Agriculture, Manufacturing, and Services become more efficient in the coming months, workers will have nowhere to go but to the unemployment line. At some point, Man's artificial economic system will necessarily collapse. When that happens, the corporations which produce and deliver food will no longer have an incentive to do so. The cities will suffer great hunger and it will be the end of Man. &gt;
The current jobless situation you read about in the news is not an ordinary part of the business cycle. It is the final stretch of the linear trend that began with the birth of our species. There is also a Youtube video to go with this opinion. I do realize that this is a very unhealthy idea to have whether or not that the idea is true or not, I just have not been able to beat it myself. I do disagree with Gade a little bit. I don't think it would kill everybody, but the some few people that still know how to hunt and gather would probably survive as well people who were rich enough to have access to a lot of resources to start out with before the economy crashes. I probably believe this because I listen to Alex Jones too much.",1612,3,1389.0,158.1043958908164,1216,1526,Q4,Q4,Q4_Q4
t3_24c1q3,"As a man, I find it odd that ""shaved"" has become the norm for female pubic hair. I don't think it's a fetish that I prefer women with ""hair down there."" [NSFW] I understand this might be suited to a different subreddit, and that it's a bit unconventional for a post here, but I thought I'd try here first. No idea what the response will be to this. I've become dissatisfied with the model glorified by the porn/sex industry that paints women as hairless, and to me it seems odd to sleep with/go down on a lady who is bare down there. This has not always been the case, there were times when it excited me (as in when I was in my late teens and newish to sex), but pubic hair simply seems like the natural way of things, and I prefer a woman who trims over one who shaves. These days, I'm more attracted to a woman who doesn't even trim over one who waxes or shaves entirely. Bare vaginas just look unnatural to me, and it has evolved into an actual turn off to get into bed with a partner who has one. Perhaps it's a disillusionment with the disconnect between the real women I interact with (wink, wink, nudge nudge, know what I mean, know what I mean?) and the prevailing (male-dominated) sex industry's image of ""perfection,"" but I find myself labeled as a bush ""fetishist"" by many men I bring this up to. I don't regard this as a fetish (I have a few real ones, I know what a fetish is), simply as a realistic view of sex and the female body, and I find myself actively turned off recently by images, videos or depictions of entirely nude vaginas. Please, change my view - in your opinion, am I simply talking to the wrong people about this, perusing the wrong sites, looking at the issue in too much black/white, or am I actually a bush fetishist?",1752,3,1350.6666666666667,200.350526161858,1233,1582,Q4,Q4,Q4_Q4
t3_pcawwd,"social media are ruining my generation I'm a 20 years old male and I think social media are more bad than good for my generation, hear me out. They don't teach inclusivity cause several races are left out from the equation and also thinner/normal body types. They help glorify sex work  in an ill way and encourage it, which is degrading and has several mental effect on women and men of all ages. They push women to be slutty to feel empowered confusing the two concepts and push men to be too masculine and to view women as objects and to not respect them. Also don't get me started on the body dysmorphia. Also reaserch show that seeing your friends always posting their best self on social media and comparing yourself to them makes u depressed and unsatisfied with your life, and no, the ""remember social media is fake"" trend is like pissing into a fire  trying to estinguish it, it does t solve the problem. the only thing they're good is to keep in touch with poeple but the posting part is totally useless and it's just a way to get validation for a generation that is willing to do the dumbest shit to get it. Also tik tok should be canceled. It is basically a p*do/horny guys/creeps dream come true where they can see underage girls dressing and acting in revealing ""clothes ""  desperate for likes but they don't know where they come from. Also it is a Chinese company that doesn't give a shut about your privacy just saying... They are also the worst source to get information from cause 90 percent of the time reaserch and statistics is manipulated or not cited(like this post lol) and fake news are spread like crazy 
Hope someone will change my point of view since I have the sin to still using them daily and I need to feel good about myself even tho we all know  these things.",1792,3,1653.6666666666667,272.018994434825,1478,1967,Q4,Q4,Q4_Q4
t3_qbf3g4,"Minimum Wage Should be Tied to Housing Costs I believe we should start with determining a minimum number of work hours that would allow someone to be independent. I define ""independent"" as being able to afford single-occupancy housing on a single income. Let's say my hypothetical society has agreed that working 50 hours per week should allow for independence. ""Independence"" is when that worker can afford a studio apartment within a 30 minute commute of their employer (where rent for the apartment equals no more than 28% of gross wages). I think that we should work backwards from the cost of ""independent"" living, to determine the minimum wage based on the location of the job. I believe using cost of housing is a more realistic and helpful adjustment factor than inflation. Inflation faces criticism from what it does and does not factor in. I think using actual housing costs tied to specific geographic areas would be most beneficial for the workers, because it reflects their housing reality. If a city's average rent goes up by $50 a year, the minimum wages should reflect that. Currently, low-wage workers in sectors such as retail have to commute in to higher-cost cities. If minimum wage was tied to the housing costs in the vicinity of the employment, more workers could afford to live near where they work. I am open to refining this idea, and welcome suggestions. I am sure I am overlooking some economic issues. The 50 hours per week was arbitrary. Personally, I feel like that number could be 32 - 40 hours per week. The commute length of 30 minutes is also arbitrary.",1588,3,957.3333333333334,161.57144962317238,842,1142,Q4,Q2,Q4_Q2
t3_8jkdk4,"There should be another requirement for voters beside age In modern days where information is easily accessible and spread, fake news and news that invoke hatred towards opposition is extremely prevalent. This is more noticable in third world countries where education is far behind. These people whose education is lacking is also easily swayed to whichever party gives more ridiculous empty promise or even bribe(because most of the time they are also poor). I think age is no longer enough to be the only requirement for people to be allowed to vote. More metric should be required such as education or tests that they need to pass to be allowed to vote.",657,3,1191.3333333333333,181.50849383247422,1070,1400,Q1,Q4,Q1_Q4
t3_4zp59j,"Cars should be banned and replaced with public transportation and bicycles. I firmly believe that we should stop using cars. Cars pollute the environment. Roads destroy the environment and places where cars are a necessity (like suburban areas) waste land and kill trees. Cars are also expensive to buy and maintain. Gas is such a money hogger as well, and think of all the things you could buy without having to pay for car insurance and other expenses associated with cars. We also have an obesity problem in this country. By bicycles, we would encourage exercise. Sometimes, perhaps you wouldn't even need to use public transportation; you could walk. Of course, a problem arises concerning rural areas, where there is little to no public transportation. In this case, I think more funding should go toward public transportation, so buses can reach these areas. Also, rails could be raised beside (or on) highways themselves. Trucks, used to transport goods, could either go on these trains instead, or they could use existing highways (I still haven't found a good solution for actual transportation of products). Let's not forget that cars kill over 30,800 people per year (source: Wikipedia). Honestly, cars are death machines and have no place on the road.",1263,3,1154.6666666666667,72.76216965795709,1072,1209,Q3,Q3,Q3_Q3
t3_pdn093,"Gender fluidity should not be celebrated By definition- Mental illness, also called mental health disorders, refers to a wide range of mental health conditions — disorders that affect your mood, thinking and behavior. Individuals having issues with gender identity or being gender fluid does not have a sense of reality. They are denying science and biology. A trans woman should not be able to participate in women's sports as they genetically still have an advantage over actual women. People will say Laurel Hubbard is an example that there is no advantage because she didn't do well in the Olympics. However, if you took any NBA player and they decided to play in the WNBA instead, they will still be at an advantage over any of the women. If people are okay with trans women joining in women's sports, then collectively they should be okay with Co-ed events instead of a men's and women's division. To allow for someone to change gender identity whenever they feel is absurd. For example, a man should not be able identify as a female and decide to use a women's locker room. To deem improper use of pronouns as hate speech when society has allowed for profanity throughout history and currently is madness. Gender identity in a way contradicts support for gay/lesbians community. The woke crowd and cancel culture has become out of control and has made discussion about these things off limits. I believe that people can have gender dysphoria. However, they should be helped just like anyone with a DSM instead of allowing for people to claim gender identity especially those that do it at such a young age when they have not even began to understand sex, gender, and/or orientation. Change my view.",1705,3,916.3333333333334,102.25621415509835,822,1025,Q4,Q2,Q4_Q2
t3_2j28la,"Having a military is just as ""socialist"" as having universal healthcare. In short: if the US government is willing to spend billions of dollars on defense, and millions of Americans support this defense spending, why do many of the same people fight so adamantly against the government paying for healthcare? A lot of us don't agree with defense spending (myself included). A lot of this ""War on Terror"" has just proven to be an inconvenience for ordinary citizens - just look at the TSA and what we have to deal with to get on board a plane. Others are blatant violations of privacy, such as NSA surveillance. Some people disagree with how universal healthcare should be run, and wouldn't support it with their hard-earned dollars. But if a similar number of people don't support sending our troops abroad to fight wars that almost nobody has an interest in. To be clear: I strongly support implementation of healthcare as it is executed in the Nordic countries (and I advocate the Nordic model in general). I'm not saying only socialist countries should have militaries, but I do say that the implementation of national armed forces and healthcare are too similar from a purely economic perspective to support one and oppose the other. (Socially and politically, of course, they are radically different.) [edit] I'm not saying that a national military is a socialist idea, either. Just that there's a good similarity. Hence the quotes around ""socialist.""",1456,3,790.3333333333334,39.27255190757706,754,832,Q3,Q1,Q3_Q1
t3_bag1tp,"the universe was created by a higher power. First I want to say that I’m a very logical person and I think science is amazing. I also don’t attribute fantastic human feats to miracles or aliens. When it comes to beliefs I would say I’m  an agnostic Diest. It just makes sense to me that something made the Big Bang happen, the Earth formed, dinosaurs existed, and then humans evolved. And the agnosticism in me is just my willingness to say that I don’t actually know for sure what happened. And will probably never know. I’ve thought about this stuff a lot over the course of my life, but I just recently started to think about it again. And I’m now wondering if maybe (if we were indeed made by a higher power) we can’t find any signs of intelligent life besides us because the entire universe was made with the knowledge that we would eventually outgrow earth and have to move to the stars. I’m curious as to what others think of this theory. And I’m willing to have my mind changed if someone can  present to me facts about our ability to detect life that are unknown to me.",1078,3,1143.6666666666667,18.717193521821965,1130,1165,Q2,Q3,Q2_Q3
